"ENSG","ENSP","S","Seq","Index","UNIPROTID","SYMBOL","Fold_Change","P_Value","Adjusted_P_Value"
"ENSG00000003056","ENSP00000000412.3","S267","DDQLGEESEERDDHL","1","H0YFL0","M6PR",0.123086964350264,0.00492487887699299,0.015055717988892
"ENSG00000069399","ENSP00000164227.5","S41","KRPLRAPSPEPAAPR","1",NA,"BCL3",0.759699278363708,2.88418330347476e-22,1.47607130118317e-20
"ENSG00000167580","ENSP00000199280.3","S256","REVRRRQSVELHSPQ","1","F8W0S2","AQP2",-1.71225827608715,1.25263543121892e-26,1.63242932845757e-24
"ENSG00000096717","ENSP00000212015.6","S47","DGPGLERSPGEPGGA","1","Q96EB6","SIRT1",-0.185117917259987,1.04168733267701e-10,1.06580085571591e-09
"ENSG00000099812","ENSP00000215582.4","S348","RRERGRPSLYVQRDI","1","Q8IVT2","MISP",-0.466662619976496,1.23717456190595e-09,1.11073321285889e-08
"ENSG00000104856","ENSP00000221452.7","S573","AFGGGLLSPGPEAT_","1","Q01201","RELB",0.413777457746047,1.1701962355837e-13,1.70616500738333e-12
"ENSG00000105971","ENSP00000222693.4","S36","DPEKFADSDQDRDPH","1",NA,"CAV2",1.85522210632872,5.01995452410063e-30,4.09401581542942e-27
"ENSG00000026025","ENSP00000224237.5","S412","EGEESRISLPLPNFS","1",NA,"VIM",1.15205206256053,2.49561886426162e-29,1.22901276107764e-26
"ENSG00000026025","ENSP00000224237.5","S430","LRETNLDSLPLVDTH","1",NA,"VIM",0.550206919156324,1.11372441223182e-08,8.93878748890315e-08
"ENSG00000026025","ENSP00000224237.5","S459","GQVINETSQHHDDLE","1",NA,"VIM",0.696013875153575,3.34680486342838e-24,2.41754058734847e-22
"ENSG00000026025","ENSP00000224237.5","S72","SSAVRLRSSVPGVRL","1",NA,"VIM",0.549922431657318,5.87181337424013e-08,4.24388752794565e-07
"ENSG00000026025","ENSP00000224237.5","S73","SAVRLRSSVPGVRLL","1",NA,"VIM",0.739577320006905,1.11269597242862e-20,4.36819558617087e-19
"ENSG00000026025","ENSP00000224237.5","S83","GVRLLQDSVDFSLAD","1",NA,"VIM",0.956157693206197,1.50223187194809e-26,1.89897130932958e-24
"ENSG00000108443","ENSP00000225577.4","S447","GSPRTPVSPVKFSPG","1","K7ER06","RPS6KB1",0.688296239310645,4.97444890083063e-13,6.6824663714559e-12
"ENSG00000109846","ENSP00000499082.1","S59","PSFLRAPSWFDTGLS","1","P02511","CRYAB",0.963646761978623,7.29139045935583e-12,8.59398291810882e-11
"ENSG00000111725","ENSP00000229328.5","S108","SKLPLTRSHNNFVAI","1","Q9Y478","PRKAB1",-0.376472231623151,3.6453449299385e-12,4.40964643630169e-11
"ENSG00000112977","ENSP00000230895.7","S51","DQEWESPSPPKPTVF","1","P51397","DAP",-0.281053844339599,1.06447179228591e-12,1.37446250523863e-11
"ENSG00000115685","ENSP00000234038.6","S27","RRVESEESGDEEGKK","1","C9JD73","PPP1R7",-0.222138071984247,2.22456876275505e-05,0.000109461945231555
"ENSG00000114942","ENSP00000376056.2","S106","DDIDLFGSDDEEESE","1","P24534","EEF1B2",-0.355420207118897,3.21344232814951e-17,7.57150502705274e-16
"ENSG00000120948","ENSP00000240185.4","S292","NQGGFGNSRGGGAGL","1","K7EJM5","TARDBP",0.430875400492642,1.42603414781646e-08,1.13018794122558e-07
"ENSG00000079435","ENSP00000244289.3","S855","EPMRRSVSEAALAQP","1","Q05469","LIPE",-0.671954866674906,4.05023346471769e-15,7.20098470147628e-14
"ENSG00000124788","ENSP00000244769.3","S775","ATRKRRWSAPESRKL","1","P54253","ATXN1",0.237257910275318,1.64220601886563e-13,2.35097692915973e-12
"ENSG00000125755","ENSP00000245934.7","T1257","VGEDAMKTPSPAAED","1",NA,"SYMPK",-0.236278110349573,4.53739314941983e-12,5.46258921922058e-11
"ENSG00000125970","ENSP00000246194.3","S135","FDYRGRLSPVPVPRA","1","Q9UKM9","RALY",-0.0886687415081227,4.38235928910763e-05,0.000204607216153682
"ENSG00000127022","ENSP00000247461.4","S564","EEDGGTVSQEEEDRK","1","D6RB85","CANX",0.352875759308137,9.07978620954928e-06,4.7330959783469e-05
"ENSG00000127022","ENSP00000247461.4","S583","EDEILNRSPRNRKPR","1","D6RB85","CANX",0.464778261128501,2.53952602849164e-14,4.01276856577036e-13
"ENSG00000106211","ENSP00000248553.6","S15","FSLLRGPSWDPFRDW","1","P04792","HSPB1",1.84400425449261,4.98380497644286e-20,1.76718874354037e-18
"ENSG00000106211","ENSP00000248553.6","T143","RCFTRKYTLPPGVDP","1","P04792","HSPB1",-0.423164668334856,5.01488381528787e-11,5.36775159263793e-10
"ENSG00000127947","ENSP00000248594.6","S435","KKLERNLSFEIKKVP","1","Q05209","PTPN12",0.923540230441517,2.27992645201889e-28,5.4378396754662e-26
"ENSG00000128595","ENSP00000249364.4","S44","KVHNDAQSFDYDHDA","1","O43852","CALU",0.956707938735516,3.28269759201515e-13,4.48369316700849e-12
"ENSG00000129675","ENSP00000250617.6","S225","KSSERPLSPKAVKGF","1","Q15052","ARHGEF6",1.03820900196191,2.17621613916106e-19,7.12682596247018e-18
"ENSG00000129675","ENSP00000250617.6","S684","GSSTRKDSIPQVLLP","1","Q15052","ARHGEF6",0.623685012776733,1.00060937441383e-20,3.95271971936415e-19
"ENSG00000130177","ENSP00000348554.3","S560","KTLKNIISPPWDFRE","1","Q13042","CDC16",0.149829621478528,0.0030384042784771,0.00978809084715318
"ENSG00000131023","ENSP00000437550.1","S613","EKKQITTSPITVRKN","1","O95835","LATS1",-0.0800577595726217,0.00401968382397245,0.0125370893705492
"ENSG00000133818","ENSP00000256196.4","S186","QEQECPPSPEPTRKE","1","P62070","RRAS2",-0.427231698164842,1.78481146917551e-09,1.56842556703842e-08
"ENSG00000134313","ENSP00000256707.4","S918","RTITRQMSFDLTKLL","1",NA,"KIDINS220",0.238329371584122,0.000674131710241416,0.00252382613628365
"ENSG00000134480","ENSP00000256897.4","T315","KHEEEEWTDDDLVES","1",NA,"CCNH",-0.0732359461809828,0.00794587364603982,0.0229901095810459
"ENSG00000135447","ENSP00000257905.8","S67","LKSTLAMSPRQRKKM","1","R4GMQ8","PPP1R1A",-1.32027807509728,1.83776093337192e-15,3.36927280039949e-14
"ENSG00000136504","ENSP00000259021.4","S57","SQSSQDSSPVRNLQS","1","O95251","KAT7",-0.804167598808895,7.29139045935583e-12,8.59398291810882e-11
"ENSG00000137275","ENSP00000259808.3","S320","AVVKRMQSLQLDCVA","1",NA,"RIPK1",0.229760161456753,1.98059291583524e-09,1.72964939889971e-08
"ENSG00000109787","ENSP00000261438.5","S111","IKKYSPPSPGVQPFG","1","P57682","KLF3",-0.102803548590053,0.00528057721106326,0.0160095398788945
"ENSG00000129116","ENSP00000425556.1","S641","PTPAVLLSPTKEPPP","1","Q8WX93","PALLD",-1.76271764754602,1.05622236660141e-25,1.09440220788593e-23
"ENSG00000051523","ENSP00000261623.3","T147","ERPQIGGTIKQPPSN","1","P13498","CYBA",1.32415191202967,5.6157546627404e-24,3.84762898058002e-22
"ENSG00000103479","ENSP00000262133.6","S952","DSRSHQNSPTELNKD","1","J3KSF7","RBL2",-0.664997187773906,1.07639264079676e-26,1.41736243461582e-24
"ENSG00000109062","ENSP00000262613.5","S280","LAEAALESPRPALVR","1","J3QRP6","SLC9A3R1",0.78187492222186,5.07608627238578e-09,4.23403540542584e-08
"ENSG00000129474","ENSP00000262713.2","S119","EPTAPALSPRSSFAS","1","Q96IF1","AJUBA",0.594151506746083,1.19192132613084e-15,2.23381430446552e-14
"ENSG00000101347","ENSP00000493536.2","T592","DVIAPLITPQKKEWN","1","Q9Y3Z3","SAMHD1",1.11841453775397,8.5033589076208e-23,4.70419956022908e-21
"ENSG00000103319","ENSP00000263026.5","S500","RLHLPRASAVALEVQ","1","O00418","EEF2K",0.710277927450555,2.87697448743089e-20,1.06494390909557e-18
"ENSG00000108091","ENSP00000263102.6","S244","QPVSAPPSPRDISME","1","Q16204","CCDC6",-0.27350636970947,1.5734754129834e-08,1.23695912285591e-07
"ENSG00000104812","ENSP00000317904.3","S653","PSLSRHSSPHQSEDE","1","P13807","GYS1",-0.280684696518442,4.58614824812394e-07,2.91837402489478e-06
"ENSG00000026508","ENSP00000398632.2","S697","AVEDRKPSGLNGEAS","1","P16070","CD44",1.17870608138665,8.5033589076208e-23,4.70419956022908e-21
"ENSG00000026508","ENSP00000398632.2","S706","LNGEASKSQEMVHLV","1","P16070","CD44",1.10008101816368,1.88851403989865e-20,7.16898077428195e-19
"ENSG00000090020","ENSP00000263980.3","S796","QRIQRCLSDPGPHPE","1",NA,"SLC9A1",-0.41210439398483,8.4578628566908e-15,1.43031229928332e-13
"ENSG00000031081","ENSP00000264245.4","S1178","ALTGRRNSAPVSVSA","1","Q2M1Z3","ARHGAP31",0.641534325355028,1.1733081533647e-20,4.58478774858831e-19
"ENSG00000138639","ENSP00000378611.1","S391","RSSMNNGSPTALSGS","1","Q8N264","ARHGAP24",-0.877840551428541,1.94349617540156e-27,3.19061495496768e-25
"ENSG00000068024","ENSP00000264606.3","S467","RPLGRTQSAPLPQNA","1","P56524","HDAC4",-0.08897998274497,0.00203690388488569,0.00684436523360979
"ENSG00000084774","ENSP00000264705.3","S1859","PPRIHRASDPGLPAE","1","P27708","CAD",0.928479040972565,7.4553541436078e-28,1.41718995081724e-25
"ENSG00000087274","ENSP00000381197.1","S12","SRAAVVTSPPPTTAP","1",NA,"ADD1",0.203213811782472,0.00532663399816219,0.0161259682363234
"ENSG00000073111","ENSP00000265056.7","S139","RRGLLYDSDEEDEER","1","P49736","MCM2",0.897518121476953,2.5077086191491e-24,1.84839327432442e-22
"ENSG00000073111","ENSP00000265056.7","S41","RTDALTSSPGRDLPP","1","P49736","MCM2",0.576389686073483,8.30687627576311e-21,3.34417907649432e-19
"ENSG00000112658","ENSP00000265354.4","S103","RGLKRSLSEMEIGMV","1","P11831","SRF",0.193558875917887,4.27911080346731e-08,3.15406645286474e-07
"ENSG00000106052","ENSP00000379612.2","S666","RPPVRVPSWGLEDNV","1","C9J7J4","TAX1BP1",-0.212885913835166,1.1898127667845e-08,9.52226855645639e-08
"ENSG00000104320","ENSP00000265433.4","S397","EQKFRMLSQDAPTVK","1","O60934","NBN",0.825695358050186,7.4553541436078e-28,1.41718995081724e-25
"ENSG00000139687","ENSP00000267163.4","S249","AVIPINGSPRTPRRG","1",NA,"RB1",0.455296910938987,3.93064767330579e-21,1.64255594176061e-19
"ENSG00000139687","ENSP00000267163.4","T373","VNVIPPHTPVRTVMN","1",NA,"RB1",0.337780146619291,1.19531428621422e-13,1.74178304230939e-12
"ENSG00000140577","ENSP00000268184.6","S370","SLRLFSLSNPSLSTT","1","Q6UUV7","CRTC3",0.398511583157855,3.08345204787044e-13,4.22983367738798e-12
"ENSG00000140577","ENSP00000268184.6","S62","LTQYHGGSLPNVSQL","1","Q6UUV7","CRTC3",0.242599061591896,9.75229907015426e-07,5.91975090256038e-06
"ENSG00000141736","ENSP00000269571.4","T701","TELVEPLTPSGAMPN","1","P04626","ERBB2",-0.14394077608295,0.00606239917312509,0.0180891745420688
"ENSG00000146648","ENSP00000275493.2","T693","RELVEPLTPSGEAPN","1","Q504U8","EGFR",0.989537025107989,1.16573168214907e-21,5.24413316514104e-20
"ENSG00000102225","ENSP00000349762.4","S119","EDINKRLSLPADIRL","1",NA,"CDK16",0.530944882137796,8.76088789230062e-21,3.49357677749439e-19
"ENSG00000102225","ENSP00000349762.4","S138","LEKLTLNSPIFDKPL","1",NA,"CDK16",1.03592208901814,3.49439377943465e-26,4.22704610199363e-24
"ENSG00000147140","ENSP00000276079.8","T450","GIGAIGGTPPAFNRA","1","Q15233","NONO",-0.0805368624548315,3.1896767731878e-05,0.00015328152096509
"ENSG00000149269","ENSP00000348696.4","S174","TPAVPPVSEDEDDDD","1","Q13153","PAK1",-0.110244579359581,0.00622010009191191,0.0185094833478951
"ENSG00000149499","ENSP00000378254.2","S176","KLSRKAISSANLLVR","1","H7C355","EML3",0.489764421291905,2.4735917752543e-19,8.04856464118136e-18
"ENSG00000149782","ENSP00000443631.1","S1105","LDRKRHNSISEAKMR","1","Q01970","PLCB3",0.355300328522688,2.57054088956888e-06,1.4620565752549e-05
"ENSG00000150787","ENSP00000280362.3","S19","AQVSRRISFSASHRL","1","Q03393","PTS",-0.540790623352759,1.22162757935865e-18,3.58391133915172e-17
"ENSG00000151876","ENSP00000281623.3","S12","EPRSGTNSPPPPFSD","1","D6RAU6","FBXO4",0.114862189497014,0.00223814301086131,0.00744928009486514
"ENSG00000152137","ENSP00000281938.3","T87","GVPAEGRTPPPFPGE","1","Q9UJY1","HSPB8",1.29691979014753,3.90482420237106e-22,1.93193278834335e-20
"ENSG00000154767","ENSP00000285021.8","S94","VIKDEALSDGDDLRD","1","Q01831","XPC",-0.49967971671272,1.10619474443072e-17,2.79948103390365e-16
"ENSG00000157500","ENSP00000288266.3","S410","SFQQRHESLRPAAGQ","1","Q9UKG1","APPL1",-0.265089395139466,0.00643611123100001,0.019082650890365
"ENSG00000158092","ENSP00000417273.1","Y105","VDPGERLYDLNMPAY","1","P16333","NCK1",-0.338077504566222,1.84166825081053e-05,9.17097827791843e-05
"ENSG00000158869","ENSP00000289902.1","S69","DGVYTGLSTRNQETY","1",NA,"FCER1G",1.88759805247093,7.47435106053058e-27,1.01051627546703e-24
"ENSG00000060491","ENSP00000290291.6","S378","EDRPEPLSPKESKKR","1","Q9NZT2","OGFR",0.632439011445104,3.59175216012223e-27,5.3731762196574e-25
"ENSG00000162402","ENSP00000294383.5","S2047","QRVSDQNSPVLPKKS","1","Q9UPU5","USP24",-0.0962004419644913,0.00374212362268256,0.0117555130999827
"ENSG00000181163","ENSP00000296930.5","S88","MSVQPTVSLGGFEIT","1","P06748","NPM1",-0.458606388345682,1.4162754035073e-13,2.04490432618342e-12
"ENSG00000166848","ENSP00000300086.4","S203","LLGDAPVSPSSQKLK","1","Q9NYB0","TERF2IP",-0.109054919227951,0.00509992571723966,0.0155121041297812
"ENSG00000167978","ENSP00000301740.8","S1329","LRENSFGSPLEFRNS","1","Q9UQ35","SRRM2",-0.269749307217282,8.501621655464e-14,1.25915640710862e-12
"ENSG00000085733","ENSP00000301843.8","S261","EKLQLHESQKDYKTG","1","Q14247","CTTN",0.366247494138509,1.93713405569596e-05,9.6179542804606e-05
"ENSG00000085733","ENSP00000301843.8","S418","TEERLPSSPVYEDAA","1","Q14247","CTTN",0.41929538010352,2.56922316851918e-07,1.69153906631515e-06
"ENSG00000044115","ENSP00000304669.7","S641","TPEELDDSDFETEDF","1","E5RIE0","CTNNA1",-0.853060106850453,2.485629588466e-27,3.97732197820236e-25
"ENSG00000063244","ENSP00000307863.3","S79","EHGGLIRSPRHEKKK","1","P26368","U2AF2",-0.21728007303312,2.3429977547118e-10,2.30041433920869e-09
"ENSG00000167658","ENSP00000307940.5","T57","RAGETRFTDTRKDEQ","1","M0R0I6","EEF2",0.274544400941075,3.95175555906456e-08,2.92814431548271e-07
"ENSG00000130592","ENSP00000308383.4","S252","PKLARQASIELPSMA","1","P33241","LSP1",1.05725018390063,1.70522159230658e-22,9.03803192802832e-21
"ENSG00000002330","ENSP00000378040.3","S118","GRELRRMSDEFVDSF","1","Q92934","BAD",-0.272634565432249,1.27784130347886e-07,8.80043144498843e-07
"ENSG00000002330","ENSP00000378040.3","S99","PFRGRSRSAPPNLWA","1","Q92934","BAD",-0.141883966481529,0.00027070249024654,0.00109502405734608
"ENSG00000143851","ENSP00000309116.3","S149","RLQERRGSNVALMLD","1","P35236","PTPN7",0.214600189654988,0.000173780328576768,0.000728005678057638
"ENSG00000172613","ENSP00000311360.2","S328","VLPSISLSPGPQPPK","1",NA,"RAD9A",-0.161840608778903,2.53534462073501e-06,1.44366177255456e-05
"ENSG00000172939","ENSP00000311713.3","S339","EDGGWEWSDDEFDEE","1",NA,"OXSR1",-0.332298220113454,2.59146855283383e-16,5.35657604397277e-15
"ENSG00000153048","ENSP00000311847.4","S41","LRGNVVPSPLPTRRT","1","Q9Y2V2","CARHSP1",0.962442933419609,6.41844420017552e-27,8.72425302520632e-25
"ENSG00000172830","ENSP00000312081.4","S37","SRLQRRQSFAVLRGA","1","Q8TE77","SSH3",0.348645159921336,4.01522093574576e-08,2.97255682862443e-07
"ENSG00000173020","ENSP00000312262.5","S670","KMKNKPRSPVVELSK","1","P25098","GRK2",0.493881530393548,3.89468049626416e-17,9.10872454269662e-16
"ENSG00000153071","ENSP00000313391.6","S723","KPAPRQVSLPVTKST","1","P98082","DAB2",0.55641995239229,4.08911782762916e-06,2.25476721740721e-05
"ENSG00000204574","ENSP00000313603.8","S109","KKLSVPTSDEEDEVP","1","Q8NE71","ABCF1",-0.290826089655173,1.24715029783032e-13,1.81209504768657e-12
"ENSG00000136878","ENSP00000313811.4","S333","RMKDRKFSWGQQRTN","1",NA,"USP20",0.141966110096227,0.00187012682072701,0.00633532711799817
"ENSG00000174996","ENSP00000399403.1","S582","PRMKRASSLNFLNKS","1","E9PI24","KLC2",0.394048056772935,5.33988516592531e-09,4.44088739358302e-08
"ENSG00000140464","ENSP00000268058.3","S527","PHLDGPPSPRSPVIG","1","P29590","PML",0.0912779798376846,0.00945134598258329,0.0266654312165686
"ENSG00000110713","ENSP00000352091.5","S612","LNNSNLFSPVNRDSE","1","H0YCT1","NUP98",0.162177292407129,0.00274650009435452,0.00894230719709863
"ENSG00000114867","ENSP00000316879.5","S1231","EAALPPVSPLKAALS","1","Q04637","EIF4G1",0.291166513522043,8.05161148570308e-05,0.00035945760477052
"ENSG00000114867","ENSP00000316879.5","S1238","SPLKAALSEEELEKK","1","Q04637","EIF4G1",-0.376330655020144,1.82225448938009e-11,2.03940849935845e-10
"ENSG00000104529","ENSP00000317399.6","S133","APQTQHVSPMRQVEP","1","E9PJD0","EEF1D",-0.552661037526441,1.44360756134956e-22,7.76538007788076e-21
"ENSG00000104529","ENSP00000317399.6","S162","DDIDLFGSDNEEEDK","1","E9PJD0","EEF1D",-0.236779454416553,4.53073517282089e-15,8.01021305169634e-14
"ENSG00000134318","ENSP00000317985.6","S1374","MKIQQNQSIRRPSRQ","1",NA,"ROCK2",-0.565278445210524,3.95736393733717e-07,2.53676660912166e-06
"ENSG00000148660","ENSP00000410298.2","T287","SMMHRQETVECLRKF","1","Q13555","CAMK2G",-0.753367055034431,1.1733081533647e-20,4.58478774858831e-19
"ENSG00000119408","ENSP00000319734.5","S206","SETTAAHSLVGTPYY","1","Q9HC98","NEK6",0.860656766606372,5.57920954620008e-22,2.64145272934514e-20
"ENSG00000104419","ENSP00000319977.8","T328","TRLMRSRTASGSSVT","1","Q92597","NDRG1",1.00451725126665,3.56385488705296e-23,2.14017527920363e-21
"ENSG00000065534","ENSP00000353452.3","S1759","VRAIGRLSSMAMISG","1","Q15746","MYLK",-0.686313409434426,6.57579785351566e-14,9.93719792782923e-13
"ENSG00000180900","ENSP00000349486.2","S1378","EGPPKRVSLVGADDL","1","Q14160","SCRIB",0.34845155697197,7.16451837018108e-14,1.07306489001729e-12
"ENSG00000180096","ENSP00000498586.1","S315","RSKLSRQSATEIPLP","1","J3KNL2","SEPT1",0.868550679094092,4.22675428173706e-16,8.49449934426681e-15
"ENSG00000002834","ENSP00000325240.6","S146","MEPERRDSQDGSSYR","1","Q14847","LASP1",0.295419098610132,3.77390577508864e-11,4.08266520349983e-10
"ENSG00000020922","ENSP00000325863.4","S649","EVIEVDESDVEEDIF","1","P49959","MRE11A",0.141111819886859,0.0165960703851184,0.0434125040327537
"ENSG00000020922","ENSP00000325863.4","S689","KGVDFESSEDDDDDP","1","P49959","MRE11A",-0.284763324337575,1.33529218578212e-08,1.06193321928102e-07
"ENSG00000096384","ENSP00000360709.5","S255","PKIEDVGSDEEDDSG","1","P08238","HSP90AB1",0.133927788691501,4.17472283590567e-05,0.000195635482367687
"ENSG00000137693","ENSP00000282441.5","S164","AQHLRQSSFEIPDDV","1","P46937","YAP1",0.148505683910582,4.12429154520271e-05,0.000193523271799953
"ENSG00000137693","ENSP00000282441.5","S61","IVHVRGDSETDLEAL","1","P46937","YAP1",-0.0940771642664195,0.0105915021777371,0.0293870015427512
"ENSG00000185811","ENSP00000331614.3","S63","NVKVETQSDEENGRA","1",NA,"IKZF1",0.291184523686539,0.00374212362268256,0.0117555130999827
"ENSG00000132466","ENSP00000351416.4","S2401","SSGVRAPSPAPSSVP","1","O75179","ANKRD17",0.168455675648048,0.00367551213304103,0.011569260177732
"ENSG00000184304","ENSP00000333568.6","S205","GVRRRRLSNVSLTGV","1","Q15139","PRKD1",-0.248305615829324,5.96878110953694e-07,3.73429161126734e-06
"ENSG00000182473","ENSP00000334100.6","S250","SSSGVPYSPAIPNKR","1",NA,"EXOC7",0.996990811862982,1.95126088380521e-21,8.50547890764884e-20
"ENSG00000067225","ENSP00000334983.5","S202","TEVENGGSLGSKKGV","1",NA,"PKM",0.74358862385526,1.21654555997016e-28,3.49508009626883e-26
"ENSG00000067225","ENSP00000334983.5","S37","MCRLDIDSPPITARN","1",NA,"PKM",0.971762682411125,3.7745541111131e-29,1.51473455614542e-26
"ENSG00000141568","ENSP00000335677.5","S428","FAQSAPGSPLSSQPV","1",NA,"FOXK2",0.148374221219463,0.000952354487779862,0.00345196073979218
"ENSG00000155506","ENSP00000336721.4","S697","LPTTVPESPNYRNTR","1","Q6PKG0","LARP1",0.467204927809224,2.30536462971383e-16,4.80100729558691e-15
"ENSG00000155506","ENSP00000336721.4","T572","KILIVTQTPHYMRRH","1","Q6PKG0","LARP1",0.321717827698425,1.81607821169047e-09,1.59423921347078e-08
"ENSG00000186654","ENSP00000337464.6","S240","RLLRRSRSGDVLAKN","1","B1AHG4","PRR5",-0.557899590351909,4.57891033775962e-10,4.31794148300032e-09
"ENSG00000153107","ENSP00000339109.3","S688","FDFEGSLSPVIAPKK","1","H0Y564","ANAPC1",0.449543008634606,3.1534767649199e-18,8.54514464852142e-17
"ENSG00000118689","ENSP00000385824.1","S253","APRRRAVSMDNSNKY","1","O43524","FOXO3",0.703484305947836,9.50040270085679e-19,2.82243456031799e-17
"ENSG00000050405","ENSP00000340184.4","S362","PVHPKPLSPDSRASS","1","F8VS07","LIMA1",-0.116169211372227,0.0102538711763612,0.0286261452165155
"ENSG00000187840","ENSP00000340691.4","S65","FLMECRNSPVTKTPP","1","Q13541","EIF4EBP1",1.36166517326137,2.71474307233803e-17,6.4688156790622e-16
"ENSG00000187840","ENSP00000340691.4","T70","RNSPVTKTPPRDLPT","1","Q13541","EIF4EBP1",0.335046779567875,1.03781420884862e-09,9.39757121350673e-09
"ENSG00000187555","ENSP00000343535.4","S18","KAGEQQLSEPEDMEM","1","Q93009","USP7",-0.163054855313177,2.94929005614549e-06,1.65845087187434e-05
"ENSG00000113657","ENSP00000381526.3","S522","PAGSARGSPTRPNPP","1","Q14195","DPYSL3",0.254268602209926,0.0167238618816441,0.0436789954640213
"ENSG00000179335","ENSP00000378505.3","S157","HHCKRYRSPEPDPYL","1",NA,"CLK3",-0.0739808302768452,0.0038440998463804,0.0120384655414578
"ENSG00000080493","ENSP00000264485.5","S1026","KKKKKKGSLDSDNDD","1","Q9Y6R1","SLC4A4",-2.62408714032794,3.94009001619016e-26,4.63343516163593e-24
"ENSG00000080493","ENSP00000344272.3","S982","KKKKKKGSLDSDNDD","2","Q9Y6R1","SLC4A4",-2.62408714032794,3.94009001619016e-26,4.63343516163593e-24
"ENSG00000168036","ENSP00000344456.5","S191","SRHAIMRSPQMVSAI","1","C9IZ65","CTNNB1",0.85438839288669,7.69028620508118e-28,1.4401912284212e-25
"ENSG00000168036","ENSP00000344456.5","S675","QDYKKRLSVELTSSL","1","C9IZ65","CTNNB1",-0.13150577472053,0.00031866487335683,0.00127314875603783
"ENSG00000186575","ENSP00000344666.5","S518","DTDMKRLSMEIEKEK","1","P35240","NF2",0.192505838407975,0.000403564903369644,0.00158356788561095
"ENSG00000122545","ENSP00000344868.7","T228","KIYEFPETDDEEENK","1","A0A0U1RRD1","SEPT7",-0.442712972697709,8.87891029399786e-22,4.05925153802629e-20
"ENSG00000159023","ENSP00000345259.4","S521","QAQTRQASALIDRPA","1",NA,"EPB41",1.05028505806834,4.8455292007328e-15,8.53691074933287e-14
"ENSG00000099942","ENSP00000346300.3","Y207","IPEPAHAYAQPQTTT","1","P46109","CRKL",0.288945428684642,1.72862966906615e-05,8.6609622063675e-05
"ENSG00000197405","ENSP00000347197.2","S327","RNVLTEESVVRESKS","1",NA,"C5AR1",0.629206484022621,4.87249456479058e-13,6.55595569915037e-12
"ENSG00000032219","ENSP00000347602.3","S1140","KPQKLARSPARISPH","1","P29374","ARID4A",0.202796680941528,0.00109522008239456,0.00391756566540737
"ENSG00000198648","ENSP00000348278.4","T354","IEKLLTRTPDIAQRA","1",NA,"STK39",1.20477140710525,4.12553842791797e-22,2.01744414960584e-20
"ENSG00000004487","ENSP00000349049.3","S131","DESLANLSEDEYYSE","1","O60341","KDM1A",-0.354027309093176,9.2592968035231e-14,1.36338696439529e-12
"ENSG00000165629","ENSP00000349142.7","S146","GILYRTHSDQFLVAF","1","P36542","ATP5C1",-1.2988821865616,3.37827860572581e-27,5.11434968323114e-25
"ENSG00000116560","ENSP00000349748.5","T687","PRGMGPGTPAGYGRG","1",NA,"SFPQ",0.27492214557061,0.00132091230854255,0.00463051927129406
"ENSG00000117632","ENSP00000387858.2","S16","KELEKRASGQAFELI","1",NA,"STMN1",0.479650285031298,2.05044700915891e-16,4.29134116602282e-15
"ENSG00000117632","ENSP00000387858.2","S38","SVPEFPLSPPKKKDL","1",NA,"STMN1",0.246959996052905,0.00351367393828576,0.0111193772071274
"ENSG00000117632","ENSP00000387858.2","S63","AAEERRKSHEAEVLK","1",NA,"STMN1",0.663143067729699,1.91105514530159e-16,4.02292224675395e-15
"ENSG00000197122","ENSP00000362680.2","S17","DASQRRRSLEPAENV","1",NA,"SRC",0.286384283912355,5.630515967606e-07,3.53578501472963e-06
"ENSG00000108946","ENSP00000464977.2","S83","DSREDEISPPPPNPV","1","K7EK41","PRKAR1A",0.144455190715021,3.29028414900814e-06,1.83956134133622e-05
"ENSG00000137497","ENSP00000377298.4","T2015","SCFPRPMTPRDRHEG","1",NA,"NUMA1",0.27111035068058,0.000122245195321686,0.000528579276231034
"ENSG00000196419","ENSP00000352257.4","S27","QEENLEASGDYKYSG","1","P12956","XRCC6",-0.163419486793114,0.00787986554030246,0.0228304790957973
"ENSG00000168918","ENSP00000405338.2","S243","RLFDQQLSPGLRPRP","1","Q92835","INPP5D",1.0342550347317,3.76858093810899e-25,3.41495567302048e-23
"ENSG00000168385","ENSP00000375832.2","S218","YHLPDAESDEDEDFK","1",NA,"SEPT2",0.0556576381323026,0.0121393013658827,0.0331145680979981
"ENSG00000196924","ENSP00000358866.3","S1459","KCSGPGLSPGMVRAN","1","F8WE98","FLNA",0.879150708934258,3.29057849307921e-26,4.01895678560525e-24
"ENSG00000196924","ENSP00000358866.3","S1630","GGDEIPFSPYRVRAV","1","F8WE98","FLNA",-0.315514873642709,0.000339990055742111,0.00135257727604595
"ENSG00000133026","ENSP00000269243.4","S1956","EGASLELSDDDTESK","1","P35580","MYH10",-1.28881243843335,5.02831581003853e-27,7.26433601767966e-25
"ENSG00000162734","ENSP00000353660.5","S116","KDIIRQPSEEEIIKL","1","Q15121","PEA15",0.609424154115626,9.90507103485796e-25,8.10420731078573e-23
"ENSG00000196549","ENSP00000353679.2","S6","__MGKSESQMDITDI","1","P08473","MME",-1.55802353547536,2.58123610336935e-24,1.89705846411e-22
"ENSG00000115415","ENSP00000354394.4","S727","TDNLLPMSPEEFDEV","1","H7BZ88","STAT1",0.280114654367612,1.3134983647204e-08,1.0455877095989e-07
"ENSG00000144674","ENSP00000354486.2","S71","KLQLRVPSVESLFRS","1","Q13439","GOLGA4",0.870579706047572,2.71993552637554e-13,3.76590416088864e-12
"ENSG00000198561","ENSP00000382004.5","S252","MEGYRAPSRQDVYGP","1","O60716","CTNND1",0.853842460373038,6.39769983896357e-22,2.99530828386439e-20
"ENSG00000122786","ENSP00000354826.2","S759","KTPDGNKSPAPKPSD","1","Q05682","CALD1",-0.317746409394498,0.00492487887699299,0.015055717988892
"ENSG00000135842","ENSP00000356481.3","S602","ASPARRASAILPGVL","1","H0Y7M9","FAM129A",0.667052426371598,2.95843293778606e-19,9.47973403461435e-18
"ENSG00000198771","ENSP00000356828.3","S179","RRFRRSQSDCGELGD","1","Q6JBY9","RCSD1",0.209066411267926,2.115643091395e-05,0.000104468141868454
"ENSG00000198771","ENSP00000356828.3","S68","GQNGEEKSPPNASHP","1","Q6JBY9","RCSD1",-0.169266389807124,0.00113953861992912,0.00405943573186529
"ENSG00000158769","ENSP00000357005.5","S284","KVIYSQPSARSEGEF","1","Q9Y624","F11R",-0.185133435675358,0.0132446473231962,0.0356908093823329
"ENSG00000160789","ENSP00000357283.4","S390","EEERLRLSPSPTSQR","1",NA,"LMNA",0.132703194846929,0.00174918750529345,0.00596559537418442
"ENSG00000160789","ENSP00000357283.4","S392","ERLRLSPSPTSQRSR","1",NA,"LMNA",0.230431965387382,7.26312758014292e-06,3.84477369097934e-05
"ENSG00000196591","ENSP00000430432.1","S394","EDAVHEDSGDEDGED","1","Q92769","HDAC2",-0.101480548436186,2.04958677010765e-07,1.36758122781372e-06
"ENSG00000160741","ENSP00000357622.1","S433","HHRRVPLSPLSLLAG","1","J3KNE6","CRTC2",0.231902612975972,0.000362644672850308,0.00143431376890237
"ENSG00000148773","ENSP00000357643.3","S357","QYSQQQNSPQKHKNK","1","P46013","MKI67",0.80505532662399,1.12777521396541e-14,1.87212166510002e-13
"ENSG00000163220","ENSP00000357727.3","T113","KPGLGEGTP______","1","P06702","S100A9",0.967472456576406,3.02249997838104e-14,4.73156931600183e-13
"ENSG00000065243","ENSP00000359552.3","T816","GYGDRTSTFCGTPEF","1","B1AL79","PKN2",-0.140371173911731,0.0115715171809396,0.0317334957553438
"ENSG00000085832","ENSP00000360798.3","S796","RSINKLDSPDPFKLN","1","B1AUU8","EPS15",0.134571528400777,0.000473100298284566,0.00183056653523575
"ENSG00000171862","ENSP00000361021.3","S385","RYSDTTDSDPENEPF","1","P60484","PTEN",-0.748080108682252,4.0172808227893e-19,1.26797620176978e-17
"ENSG00000102144","ENSP00000362413.4","S203","YFAKALESPERPFLA","1",NA,"PGK1",0.33186635546468,9.9843322155542e-08,6.98847970857257e-07
"ENSG00000116478","ENSP00000362649.3","S421","IACEEEFSDSEEEGE","1","Q13547","HDAC1",-0.509667477151172,1.53661890831817e-10,1.54345646563767e-09
"ENSG00000147162","ENSP00000362824.3","S20","EPTKRMLSFQGLAEL","1","O15294","OGT",0.195035965287705,5.64310889833542e-05,0.000259209809534368
"ENSG00000180198","ENSP00000362939.5","S11","KRIAKRRSPPADAIP","1","C9JRH2","RCC1",0.427805508202965,1.07903335962037e-14,1.79948030329302e-13
"ENSG00000076864","ENSP00000363897.4","S484","SLIVPGKSPTRKKSG","1","X6R8W7","RAP1GAP",-0.657373271884577,2.61063286911267e-09,2.24191644690579e-08
"ENSG00000204356","ENSP00000364578.3","S251","GPFRRSDSFPERRAP","1","P18615","NELFE",0.388278702331053,7.47800899790713e-14,1.11671012099875e-12
"ENSG00000185950","ENSP00000365016.3","S391","SVAGSPLSPGPVRAP","1","Q9Y4H2","IRS2",0.514013521834947,3.52227490090018e-06,1.95973050274116e-05
"ENSG00000142634","ENSP00000365147.4","S74","QGIGEPQSPSRRVFN","1","Q96C19","EFHD2",0.621439381583102,1.21956964448256e-17,3.08023573944137e-16
"ENSG00000136754","ENSP00000365312.2","S183","PPTQKPPSPPMSGRG","1","Q8IZP0","ABI1",-0.17246249511399,7.67062115626446e-13,1.00794513551288e-11
"ENSG00000172531","ENSP00000365936.4","T320","NPGGRPITPPRNSAK","1","P62136","PPP1CA",0.485982774397797,5.45694305360368e-24,3.74897919242414e-22
"ENSG00000087206","ENSP00000421926.1","S677","TRRDLNESPVKSFVS","1","Q96RL1","UIMC1",0.0939553914178362,0.000942841179294218,0.00341992979840982
"ENSG00000120159","ENSP00000369431.3","S203","EGDNGMDSDMEEEAD","1","Q9H8G2","CAAP1",-0.247617277194795,9.79008491901915e-18,2.50013057497618e-16
"ENSG00000111057","ENSP00000373487.3","S53","ISVSRSTSFRGGMGS","1","F8VZY9","KRT18",0.228424522348952,0.0111164964772736,0.0306251785919617
"ENSG00000105619","ENSP00000375639.1","S180","PAPPEPGSPAPGEGP","1","P0C1Z6","TFPT",-0.0860434336630398,0.00292913238925157,0.00947107367502981
"ENSG00000141551","ENSP00000324464.6","S331","RGLPSTASGRLRGTQ","1","J3KRM8","CSNK1D",0.222339277901888,0.000802118081609712,0.0029587320308224
"ENSG00000149591","ENSP00000376678.4","S181","VIGLQMGSNRGASQA","1","Q01995","TAGLN",-0.453280261382663,3.10884057324978e-08,2.33921748133634e-07
"ENSG00000170776","ENSP00000378026.3","S1565","LSPFRRHSWGPGKNA","1",NA,"AKAP13",0.633535576415245,1.30161521634846e-27,2.25393396573437e-25
"ENSG00000221978","ENSP00000383611.3","S369","AKKAKADSPVNGLPK","1",NA,"CCNL2",-0.48494436143768,5.85330661499271e-25,5.03344550477026e-23
"ENSG00000115977","ENSP00000386456.3","T389","LPIQPALTPRKRATV","1","A0A096LP25","AAK1",0.30733730931227,0.00315138209680319,0.010094164724614
"ENSG00000124357","ENSP00000244204.5","S76","RSLGLSLSGGDQEDA","1",NA,"NAGK",0.337343744083821,2.00290413716179e-16,4.19879124342656e-15
"ENSG00000140396","ENSP00000399968.2","S493","LSPRHRMSPGVAGSP","1","Q15596","NCOA2",-0.297628735408935,2.30550983654956e-15,4.17834406363054e-14
"ENSG00000140396","ENSP00000399968.2","S736","TIKQEPVSPKKKENA","1","Q15596","NCOA2",-0.39508550716436,2.20342607935039e-15,4.00194095819946e-14
"ENSG00000092199","ENSP00000451291.1","S260","SEGGADDSAEEGDLL","1","B4DY08","HNRNPC",-0.29309647907472,2.64685086701861e-12,3.25792033203333e-11
"ENSG00000154229","ENSP00000408695.3","S226","LNPQWNESFTFKLKP","1","J3KRN5","PRKCA",-0.747085395396695,3.69580224625917e-22,1.84658641086807e-20
"ENSG00000145675","ENSP00000428056.1","Y580","LRKTRDQYLMWLTQK","1","P27986","PIK3R1",0.246275354025943,4.18512093772428e-10,3.96582562022284e-09
"ENSG00000105339","ENSP00000262585.2","S472","THRRMVVSMPNLQDI","1","E5RJ42","DENND3",0.442254383262078,6.07831969765878e-23,3.49254724082294e-21
"ENSG00000185122","ENSP00000431512.1","S303","RVKEEPPSPPQSPRV","1","E9PMQ6","HSF1",-0.16119032732971,0.0034820950408612,0.0110346361021625
"ENSG00000029363","ENSP00000435210.1","S531","KSTFREESPLRIKMI","1","Q9NYF8","BCLAF1",-0.189513222807214,1.90345203057306e-13,2.69899462910533e-12
"ENSG00000135486","ENSP00000341826.7","S6","__MSKSESPKEPEQL","1","P09651","HNRNPA1",-0.104172414430295,0.000444042813933051,0.00172738735526318
"ENSG00000092199","ENSP00000451291.1","S253","ETNVKMESEGGADDS","1","B4DY08","HNRNPC",-0.283734853966259,4.68525992860452e-18,1.24164299281949e-16
"ENSG00000205659","ENSP00000501511.1","S28","FEKLDRASPDLWPEQ","1","Q52LA3","LIN52",-0.078703546043851,0.0134549143033413,0.0361793889686915
"ENSG00000105185","ENSP00000466214.1","S119","NRRKVMDSDEDDDY_","1","O14737","PDCD5",0.271060005536718,1.41113331474165e-06,8.36097315755762e-06
"ENSG00000104852","ENSP00000472998.1","S226","YDERPGPSPLPHRDR","1","P08621","SNRNP70",0.156835903371796,6.05636031649868e-07,3.78159796299629e-06
"ENSG00000116584","ENSP00000354837.4","S886","PVDPRRRSLPAGDAL","1","Q92974","ARHGEF2",0.564663069847601,1.03516288178338e-16,2.25611965321098e-15
"ENSG00000277443","ENSP00000478061.1","S170","SFKLSGFSFKKNKKE","1","P29966","MARCKS",0.521454911743653,4.99100477154425e-09,4.16856896710214e-08
"ENSG00000277443","ENSP00000478061.1","S46","VKVNGDASPAAAESG","1","P29966","MARCKS",0.651317429963189,1.82336121470216e-16,3.85025265745552e-15
"ENSG00000278540","ENSP00000478547.1","S80","LHIRSSMSGLHLVKQ","1","Q13085","ACACA",0.231368045863661,0.00103172339820544,0.00370669759179052
"ENSG00000108819","ENSP00000478767.1","S100","LSLPRASSLNENVDH","1","D3DTX6","PPP1R9B",0.543994210750615,2.28268033998443e-18,6.34881456055956e-17
"ENSG00000277586","ENSP00000482169.2","S472","EAKDEPPSEGEAEEE","1","P07196","NEFL",0.755273842208645,0.000203219552759561,0.000840195704475425
"ENSG00000184203","ENSP00000484580.1","S87","GDDEDACSDTEATEA","1","P41236","PPP1R2",0.205027014342981,8.96187703904265e-06,4.67645356658568e-05
"ENSG00000106976","ENSP00000362014.4","S774","SVPAGRRSPTSSPTP","1",NA,"DNM1",-0.430192886638881,3.84200251802375e-07,2.46782285723263e-06
"ENSG00000153187","ENSP00000491215.1","S59","AMEPGNGSLDLGGDS","1",NA,"HNRNPU",0.141219718908189,7.75779000400479e-06,4.08609264335936e-05
"ENSG00000137337","ENSP00000365588.3","T455","TTERDSDTDVEEEEL","1","Q14676","MDC1",0.0366544181684709,0.00164306474386901,0.00564862154670877
"ENSG00000084764","ENSP00000233121.2","S176","MQTSGRLSNVAPPCI","1","Q9UPY8","MAPRE3",0.435888587300532,5.6050337630102e-06,3.02403891584344e-05
"ENSG00000105722","ENSP00000222329.3","T526","GEAGGPLTPRRVSSD","1","P50548","ERF",0.611263455416921,1.0980679840362e-11,1.26475420375414e-10
"ENSG00000112118","ENSP00000472940.2","S160","KTIERRYSDLTTLVA","1","P25205","MCM3",1.00248765931389,9.29419631930742e-18,2.38802529353135e-16
"ENSG00000113916","ENSP00000384371.2","S333","KGLVSPQSPQKSDCQ","1","P41182","BCL6",0.701716380849664,8.65696024481473e-13,1.13225695245425e-11
"ENSG00000115806","ENSP00000234160.4","T225","QMAGTPITPLKDGFT","1",NA,"GORASP2",0.69062931324806,1.07668197256053e-06,6.49193265687463e-06
"ENSG00000123143","ENSP00000242783.7","T774","GYGDRTSTFCGTPEF","1","K7EPK3","PKN1",0.425551908335592,0.0151240044892506,0.0400675973485523
"ENSG00000131023","ENSP00000437550.1","S464","NIPVRSNSFNNPLGN","1","O95835","LATS1",0.503342563900706,3.98794838826232e-11,4.30317162407375e-10
"ENSG00000124789","ENSP00000262077.3","S334","RIPSIVSSPLNSPLD","1","P49790","NUP153",-0.501081363815203,2.49962201499637e-06,1.42556832355376e-05
"ENSG00000102882","ENSP00000263025.4","Y204","HTGFLTEYVATRWYR","1","P27361","MAPK3",0.76323429482937,2.68629326210875e-08,2.03703857986303e-07
"ENSG00000168610","ENSP00000264657.4","Y705","DPGSAAPYLKTKFIC","1","P40763","STAT3",-0.0178012434942119,0.00671334727437761,0.0198140142179331
"ENSG00000140939","ENSP00000268605.7","T149","SEAVQSGTPEEPEPE","1","H3BUP2","NOL3",0.993823390677164,1.99235907694987e-14,3.19814744021884e-13
"ENSG00000141068","ENSP00000494552.1","S406","TRLRRTESVPSDINN","1","J3QKR8","KSR1",0.537602751221879,3.43471618968818e-14,5.34775153863614e-13
"ENSG00000116604","ENSP00000271555.5","S180","LTDPRLLSPQQPALQ","1","Q14814","MEF2D",0.591547613318852,6.10510906899308e-16,1.20022836300376e-14
"ENSG00000143870","ENSP00000272227.4","S428","VEDDIDLSDVELDDL","1","Q15084","PDIA6",0.63064593110564,0.00116176872345235,0.00412641709276795
"ENSG00000146648","ENSP00000275493.2","S1039","TPLLSSLSATSNNST","1","Q504U8","EGFR",0.676438895325472,2.34352919779581e-13,3.28249890186558e-12
"ENSG00000149269","ENSP00000348696.4","T212","VIEPLPVTPTRDVAT","1","Q13153","PAK1",0.667487204967781,3.35810107761572e-07,2.17691054985335e-06
"ENSG00000164715","ENSP00000297293.5","S1450","LQTSKYFSPPPPARS","1","Q8IWU2","LMTK2",1.07534710626982,1.08477324491852e-15,2.04971877264798e-14
"ENSG00000171848","ENSP00000302955.4","S20","DPQQLQLSPLKGLSL","1","P31350","RRM2",1.43167279925372,1.65110327468331e-20,6.3439503025142e-19
"ENSG00000137309","ENSP00000308227.4","S44","PGTALVGSQKEPSEV","1","P17096","HMGA1",-0.196150082616118,8.56230257773413e-07,5.23384801816193e-06
"ENSG00000084676","ENSP00000385216.1","S569","RQMSSQNSPSRLNIQ","1",NA,"NCOA1",-0.416434856129033,4.02711672544885e-18,1.07622167312027e-16
"ENSG00000039650","ENSP00000323511.2","S114","EETRTPESQPDTPPG","1",NA,"PNKP",-0.0145366396416193,0.000761926884471332,0.00282283638528784
"ENSG00000096384","ENSP00000360709.5","S718","LEGDEDASRMEEVD_","1","P08238","HSP90AB1",0.378464816992437,0.00899434900001626,0.0255471443004619
"ENSG00000162302","ENSP00000333896.4","S347","PVYSPPGSPPPGDPR","1","E9PJN1","RPS6KA4",0.354020168601785,0.0011849552848252,0.0042034572065316
"ENSG00000156256","ENSP00000382858.2","S415","VEDEDQDSEEEKDND","1","Q9Y5T5","USP16",-0.106477576660133,0.0153617730597345,0.0405897160398533
"ENSG00000115524","ENSP00000335321.6","T142","PFADGGKTPDPKMNA","1","O75533","SF3B1",0.78894399215773,8.12699604115676e-14,1.21005131868389e-12
"ENSG00000185650","ENSP00000388402.2","S54","GGFPRRHSVTLPSSK","1","G3V382","ZFP36L1",0.523893607038055,1.09416526579873e-07,7.59755184013282e-07
"ENSG00000153107","ENSP00000339109.3","S547","PLSKLLGSLDEVVLL","1","H0Y564","ANAPC1",1.18859388215304,6.40948406344105e-17,1.45071240905924e-15
"ENSG00000172977","ENSP00000366245.3","S90","LPGSRPGSPEREVPA","1","Q92993","KAT5",-0.706595719339866,1.94394250615131e-21,8.4882132021619e-20
"ENSG00000197081","ENSP00000349437.1","S2409","LHGDDQDSEDEVLTI","1","P11717","IGF2R",0.411428742309695,0.00241107969849435,0.00795159365214377
"ENSG00000196730","ENSP00000386135.3","S289","QALSRKASAVNMEKF","1","P53355","DAPK1",0.66707257331463,3.11718306381644e-07,2.02958079370094e-06
"ENSG00000165280","ENSP00000351777.6","S748","RFARRSVSDNDIRKY","1","P55072","VCP",-0.0940340881403152,1.60546784579813e-09,1.41772399851443e-08
"ENSG00000137497","ENSP00000377298.4","S1969","QETLRRASMQPIQIA","1",NA,"NUMA1",0.565940448919754,8.16036614245548e-11,8.47618639332619e-10
"ENSG00000137497","ENSP00000377298.4","S2047","KQADRRQSMAFSILN","1",NA,"NUMA1",1.17348110614825,1.95924811360674e-18,5.5584161982149e-17
"ENSG00000130311","ENSP00000352928.3","S33","KASNRRPSVYLPTRE","1","Q9BW61","DDA1",0.414668778932651,2.58176979044248e-18,7.13522426132094e-17
"ENSG00000171368","ENSP00000353785.5","T14","PAKAANRTPPKSPGD","1","O94811","TPPP",0.204822676892292,9.93042060507576e-05,0.000436399954349949
"ENSG00000198561","ENSP00000382004.5","S288","GLEDDQRSMGYDDLD","1","O60716","CTNND1",0.0736565335285171,0.000224419682333581,0.000921217471790486
"ENSG00000160691","ENSP00000357430.5","Y427","ELFDDPSYVNVQNLD","1","P29353","SHC1",0.901692618365235,1.23425811908305e-11,1.41581278433111e-10
"ENSG00000171862","ENSP00000361021.3","T383","HYRYSDTTDSDPENE","1","P60484","PTEN",-0.310644778002079,1.6623563812306e-09,1.46637119753188e-08
"ENSG00000096063","ENSP00000362931.2","S51","QEEEILGSDDDEQED","1","Q96SB4","SRPK1",-0.495417539113323,9.1683046852317e-17,2.0332726232634e-15
"ENSG00000125977","ENSP00000364119.2","S67","DTRKKDASDDLDDLN","1","P20042","EIF2S2",0.686675643871709,8.67239348840552e-08,6.12787736651393e-07
"ENSG00000198176","ENSP00000364519.4","S23","VFIDQNLSPGKGVVS","1",NA,"TFDP1",0.664608274735329,7.49846793412018e-13,9.88405976592421e-12
"ENSG00000137337","ENSP00000365588.3","S299","SQPPGEDSDTDVDDD","1","Q14676","MDC1",0.0172425540583525,0.000118032190404397,0.000512202169207685
"ENSG00000116285","ENSP00000366702.5","S251","RRLRRSHSGPAGSFN","1","K7ENI4","ERRFI1",0.705424373259682,9.37282213687715e-08,6.59331355772199e-07
"ENSG00000137154","ENSP00000369757.4","S236","AKRRRLSSLRASTSK","1","P62753","RPS6",1.38975357495858,1.73471839651549e-16,3.67312818263858e-15
"ENSG00000074803","ENSP00000370381.3","S130","GPKVNRPSLLEIHEQ","1","H0YMG9","SLC12A1",-2.83124125204438,4.34585179433404e-25,3.8823966453835e-23
"ENSG00000169398","ENSP00000429911.1","Y576","RYMEDSTYYKASKGK","1","Q05397","PTK2",-0.257743199133149,2.23215151507276e-09,1.93795517184305e-08
"ENSG00000139083","ENSP00000379658.3","S213","DNMIRRLSPAERAQG","1","P41212","ETV6",0.299240187505283,9.30501475460732e-11,9.60593642409074e-10
"ENSG00000070814","ENSP00000367028.4","S156","ANLLSGKSPRKSAEP","1","Q13428","TCOF1",0.776371442503414,1.03985979943981e-10,1.06479284930892e-09
"ENSG00000081189","ENSP00000421925.5","S222","GYGNPRNSPGLLVSP","1","Q06413","MEF2C",0.225110660140682,1.61919345643646e-16,3.44582903751065e-15
"ENSG00000131747","ENSP00000411532.1","S1525","PIKYLEESDEDDLF_","1","P11388","TOP2A",0.901270957389222,2.19764846463476e-15,3.99719053833785e-14
"ENSG00000028310","ENSP00000419765.1","S588","DPYEFLQSPEPAASA","1",NA,"BRD9",0.589645245488683,3.00665954496332e-08,2.26367976818829e-07
"ENSG00000273559","ENSP00000478070.1","S337","PGYTRKLSAEELERK","1","Q9NXE8","CWC25",0.513084227790682,3.51650237909548e-05,0.00016758569867727
"ENSG00000278053","ENSP00000479504.1","S22","KFDTRRFSADAARFQ","1","A0A087X121","DDX52",0.913922940707881,1.0080293667216e-16,2.20267920911456e-15
"ENSG00000109756","ENSP00000264431.4","S960","KKRVRRSSFLNAKKL","1","H0Y905","RAPGEF2",1.05260873911061,3.18398370964565e-20,1.1751456371863e-18
"ENSG00000117222","ENSP00000264515.6","S497","SKGKEKDSPFKPKLY","1","Q15291","RBBP5",0.24226871267977,0.000723818403935398,0.0026892061284764
"ENSG00000172613","ENSP00000311360.2","S387","SPVLAEDSEGEG___","1",NA,"RAD9A",0.308406625367699,4.92690728636728e-08,3.59798006972668e-07
"ENSG00000048649","ENSP00000311513.6","S1359","ENVGKVGSPLDYSLV","1","Q96T23","RSF1",-0.0716474864987582,0.00132004525104911,0.00462812148620492
"ENSG00000115053","ENSP00000318195.4","T121","PGKALVATPGKKGAA","1","P19338","NCL",1.11537244328551,1.78382403990095e-14,2.88723683590114e-13
"ENSG00000197386","ENSP00000347184.5","S419","GGRSRSGSIVELIAG","1","P42858","HTT",-0.37656340202733,2.81773820938858e-08,2.13159956342795e-07
"ENSG00000117632","ENSP00000387858.2","S25","QAFELILSPRSKESV","1",NA,"STMN1",0.444487878579,1.03111409553089e-06,6.22757442981655e-06
"ENSG00000047849","ENSP00000353375.6","S696","PNKELPPSPEKKTKP","1","H7C4C5","MAP4",0.565560456772733,1.8764988256874e-10,1.8663116959492e-09
"ENSG00000196924","ENSP00000358866.3","S2152","TRRRRAPSVANVGSH","1","F8WE98","FLNA",-0.383566020412804,5.27309493547548e-10,4.93574180520885e-09
"ENSG00000123836","ENSP00000356047.3","S483","IRRPRNYSVGSRPLK","1","F6RAZ1","PFKFB2",-0.237801784923363,2.66135609186307e-08,2.01999293828557e-07
"ENSG00000198771","ENSP00000356828.3","S216","SKSKAPGSPLSSEGA","1","Q6JBY9","RCSD1",0.727565990271501,1.90895931853686e-09,1.67171144756664e-08
"ENSG00000077150","ENSP00000499294.1","S222","QPIHDSKSPGASNLK","1",NA,"NFKB2",0.565368029858849,4.06119686367813e-11,4.37474133393739e-10
"ENSG00000204356","ENSP00000364578.3","S51","GGVKRSLSEQPVMDT","1","P18615","NELFE",0.16885083523691,0.00161877272391447,0.00557192811518116
"ENSG00000115232","ENSP00000380227.2","S1021","QEENRRDSWSYINSK","1",NA,"ITGA4",1.10992261289962,1.48140924046877e-20,5.73552655704924e-19
"ENSG00000178209","ENSP00000323856.4","T2886","PVRNRRLTVNEAVKE","1","Q15149","PLEC",0.494322561206424,1.41165254127651e-13,2.03939425991729e-12
"ENSG00000178209","ENSP00000348702.3","T2735","PVRNRRLTVNEAVKE","2","Q15149","PLEC",0.494322561206424,1.41165254127651e-13,2.03939425991729e-12
"ENSG00000180176","ENSP00000370571.1","S71","RFIGRRQSLIEDARK","1","P07101","TH",-2.92957259867778,4.68792393035986e-24,3.25604650569665e-22
"ENSG00000089737","ENSP00000481495.1","S82","KRKAQAVSEEEEEEE","1","Q9GZR7","DDX24",0.127749793662527,8.2670181136707e-08,5.86438697951242e-07
"ENSG00000100664","ENSP00000216554.3","S389","LKEAEEESSGGEEED","1",NA,"EIF5",0.0211006513502809,0.00460214668855833,0.0141705944940724
"ENSG00000149269","ENSP00000348696.4","S144","SNSQKYMSFTDKSAE","1","Q13153","PAK1",0.58097030642422,0.00506792325159842,0.0154240081433624
"ENSG00000176619","ENSP00000327054.3","S37","GGPATPLSPTRLSRL","1",NA,"LMNB2",0.119104885053993,3.15724600549917e-05,0.000151867377304091
"ENSG00000065882","ENSP00000261439.4","S237","RPMRKSFSQPGLRSL","1","Q86TI0","TBC1D1",-0.049555709895575,2.65654348255875e-19,8.59958160384767e-18
"ENSG00000061273","ENSP00000404394.2","S155","FPLRKTVSEPNLKLR","1","Q8WUI4","HDAC7",-1.75072612222759,0.0019418021065759,0.0065570510028652
"ENSG00000100030","ENSP00000215832.7","Y187","HTGFLTEYVATRWYR","1","P28482","MAPK1",1.56074323997473,2.54497093002792e-14,4.01886040305846e-13
"ENSG00000133422","ENSP00000380763.2","S739","ATPSRKRSVAVSDEE","1","Q9Y6X9","MORC2",0.725398495490232,2.74405012791084e-07,1.8010144167664e-06
"ENSG00000100664","ENSP00000216554.3","S390","KEAEEESSGGEEEDE","1",NA,"EIF5",-2.78502623309573,7.57348889885048e-23,4.25495436312751e-21
"ENSG00000116096","ENSP00000234454.5","S213","QQLARETSVDPDMRK","1","P35270","SPR",1.44064233282354,2.57688345346612e-08,1.96113086907076e-07
"ENSG00000063046","ENSP00000262056.9","S406","RPRERHPSWRSEETQ","1","P23588","EIF4B",0.856954465154224,7.02430772192558e-06,3.7292849186418e-05
"ENSG00000103479","ENSP00000262133.6","S639","DEICIAGSPLTPRRV","1","J3KSF7","RBL2",0.302138585073436,7.37439393039171e-05,0.000331860853236318
"ENSG00000070159","ENSP00000363667.1","S359","PAMRRSLSVEHLETK","1",NA,"PTPN3",-0.49954724680741,5.45079660638402e-14,8.32670935363147e-13
"ENSG00000103319","ENSP00000263026.5","T353","AKTILRGTEEKCGSP","1","O00418","EEF2K",1.11745411483415,1.6114831679296e-06,9.46816580329913e-06
"ENSG00000085276","ENSP00000417899.1","S726","PLKMEPQSPGEVKKL","1","Q03112","MECOM",-3.26883987941584,4.95028043585219e-31,1.21794701645078e-27
"ENSG00000011405","ENSP00000265970.6","S259","KVSNLQVSPKSEDIS","1",NA,"PIK3C2A",-2.03676294840752,3.34805413504303e-05,0.000160222420295586
"ENSG00000152137","ENSP00000281938.3","S24","RRDPFRDSPLSSRLL","1","Q9UJY1","HSPB8",1.08953999680513,1.83350052208067e-14,2.95628572699256e-13
"ENSG00000163904","ENSP00000296257.5","S344","GLLRRKVSIIETKEK","1","C9IYB7","SENP2",0.71952688468464,1.36495668878046e-05,6.94342756654879e-05
"ENSG00000166226","ENSP00000299300.6","S260","GSRVRVDSTAKVAEI","1","P78371","CCT2",1.07604303124031,2.10141098613445e-06,1.20985730015877e-05
"ENSG00000085733","ENSP00000301843.8","T401","QARAKTQTPPVSPAP","1","Q14247","CTTN",0.215147716573789,6.55218942415465e-07,4.06908506562215e-06
"ENSG00000075413","ENSP00000411397.2","T507","GGMTRRNTYVCSERT","1","A0A0A0MST9","MARK3",0.0253574240642749,0.00254359876300587,0.008346173124765
"ENSG00000171132","ENSP00000306124.3","S368","NNIRKALSFDNRGEE","1","C9JR22","PRKCE",0.146476921017999,2.39707434512637e-10,2.35076934032137e-09
"ENSG00000083799","ENSP00000392025.3","S418","TTENRFHSLPFSLTK","1","H3BTB8","CYLD",0.936591217991683,5.67960159667228e-06,3.06100378527113e-05
"ENSG00000122729","ENSP00000309477.5","S711","REFNSYGSRRGNDAV","1","P21399","ACO1",-0.8488290585709,5.7137349483477e-17,1.30256669940601e-15
"ENSG00000140464","ENSP00000268058.3","S518","PSTSKAVSPPHLDGP","1","P29590","PML",0.728519764890013,3.13907317457779e-07,2.04173007459932e-06
"ENSG00000093000","ENSP00000345895.3","S315","TQSKPVSSPFPTKPL","1","Q9UKX7","NUP50",0.931698690986611,2.90780769154019e-05,0.000140618198273755
"ENSG00000111676","ENSP00000379915.2","S739","EEYETPESPVPPARS","1","P54259","ATN1",-0.221784357699885,1.10285602609204e-06,6.6402491192329e-06
"ENSG00000133026","ENSP00000269243.4","S1952","QLHLEGASLELSDDD","1","P35580","MYH10",-0.256230779186179,6.00904583135341e-12,7.14584650556335e-11
"ENSG00000133026","ENSP00000269243.4","S1975","NETQPPQSE______","1","P35580","MYH10",-0.336161363913501,7.47463550110678e-18,1.94217610214781e-16
"ENSG00000140682","ENSP00000378332.3","Y60","SGDKDHLYSTVCKPR","1","H3BSN4","TGFB1I1",-2.0868863418935,6.31989937077602e-07,3.93449140339718e-06
"ENSG00000151929","ENSP00000358081.4","S289","RSSTPLHSPSPIRVH","1","O95817","BAG3",-0.758709218175383,1.0080293667216e-16,2.20267920911456e-15
"ENSG00000204120","ENSP00000362664.5","S30","SITSPPLSPALPKYK","1",NA,"GIGYF2",0.890252465613816,3.18621233723968e-07,2.07132477012326e-06
"ENSG00000076864","ENSP00000363897.4","S499","PFGSRRSSAIGIENI","1","X6R8W7","RAP1GAP",-0.674914694720034,4.65795029932855e-15,8.21788551762905e-14
"ENSG00000136997","ENSP00000367207.3","T58","KKFELLPTPPLSPSR","1","A0A0B4J1R1","MYC",0.73398435174623,1.56682609935953e-06,9.22722977964305e-06
"ENSG00000124942","ENSP00000367263.4","T158","ITVTRRVTAYTVDVT","1","E9PJC6","AHNAK",-1.41783982334837,0.00160354771613173,0.00552328247401123
"ENSG00000205581","ENSP00000370125.5","S89","KTEESPASDEAGEKE","1","H7BXJ5","HMGN1",0.0943992840458208,1.61220132137434e-13,2.31194973380523e-12
"ENSG00000074803","ENSP00000370381.3","T118","KIEYYRNTGSISGPK","1","H0YMG9","SLC12A1",-4.20968597794234,3.45941006371713e-27,5.20600031136288e-25
"ENSG00000188486","ENSP00000434024.1","S140","GKKATQASQEY____","1","P16104","H2AFX",0.99664901560401,3.80920779743734e-13,5.17209406739048e-12
"ENSG00000188486","ENSP00000434024.1","Y143","ATQASQEY_______","1","P16104","H2AFX",1.98027834961513,2.49926994697607e-13,3.48519265303084e-12
"ENSG00000272886","ENSP00000476386.1","S315","PTYTIPLSPVLSPTL","1","Q9NPI6","DCP1A",0.325801506537527,0.00594557379372721,0.0177699487708962
"ENSG00000092621","ENSP00000493382.1","T78","QVVGRAGTGVDNVDL","1",NA,"PHGDH",-3.15516886622197,6.72314172373835e-26,7.32648573532556e-24
"ENSG00000215301","ENSP00000494040.1","S594","RSKSSRFSGGFGARD","1",NA,"DDX3X",-1.31131658713259,5.06202713562319e-05,0.000234478142255085
"ENSG00000096717","ENSP00000212015.6","S27","ADREAASSPAGEPLR","1","Q96EB6","SIRT1",0.454329199577128,4.2991486774291e-05,0.000201056375994751
"ENSG00000058272","ENSP00000389168.2","S472","AGVTRSASSPRLSSS","1","O14974","PPP1R12A",0.574807412676606,9.79491452865121e-07,5.93991434668649e-06
"ENSG00000058272","ENSP00000389168.2","S473","GVTRSASSPRLSSSL","1","O14974","PPP1R12A",0.574807412676606,9.79491452865121e-07,5.93991434668649e-06
"ENSG00000103479","ENSP00000262133.6","S1068","HKNETMLSPREKIFY","1","J3KSF7","RBL2",0.171629159249882,0.0152052729604854,0.0402449446175661
"ENSG00000140259","ENSP00000267812.3","S116","EPEVVGESDSEVEGD","1","P55081","MFAP1",0.121865640495255,0.00530835689032791,0.0160783369954798
"ENSG00000181163","ENSP00000296930.5","T199","VKKSIRDTPAKNAQK","1","P06748","NPM1",1.56702275915544,3.29193723429691e-08,2.47183715941475e-07
"ENSG00000108312","ENSP00000390669.1","S484","ERGKLPESPKRAEEI","1","P17480","UBTF",0.877481960137349,1.20223314870671e-06,7.20940665692673e-06
"ENSG00000177731","ENSP00000324573.4","S436","RLRRRKDSAQDDQAK","1","K7EJJ7","FLII",0.678488941221165,9.03289447113804e-10,8.24141602379329e-09
"ENSG00000163932","ENSP00000331602.3","S299","NQVTQRASRRSDSAS","1","Q05655","PRKCD",-0.498058116685112,3.11199132545452e-16,6.366378412035e-15
"ENSG00000155506","ENSP00000336721.4","T226","YVPVAPPTPAWQPEI","1","Q6PKG0","LARP1",0.944273397582108,1.62407072736944e-11,1.83057316671218e-10
"ENSG00000068305","ENSP00000453095.1","S406","SIKSEPISPPRDRMT","1","H0YM62","MEF2A",0.0647248686729682,0.0183567842295261,0.0473084830673679
"ENSG00000113657","ENSP00000381526.3","S518","KGGTPAGSARGSPTR","1","Q14195","DPYSL3",0.279634956639772,0.0123539793142247,0.0336095238375369
"ENSG00000148773","ENSP00000357643.3","S374","YTTGRRESVNLGKSE","1","P46013","MKI67",2.33474179888491,1.06977835456269e-13,1.57153610459349e-12
"ENSG00000196396","ENSP00000360683.3","S378","RSRVVGGSLRGAQAA","1","P18031","PTPN1",1.07619860384886,0.0031228289388306,0.0100174980021819
"ENSG00000187866","ENSP00000377807.5","S143","RIDFIPVSPAPSPTR","1","Q96E09","FAM122A",0.393540937607568,0.00366190217274257,0.0115403380480064
"ENSG00000107099","ENSP00000394888.3","S2077","KPIFRVESQKRDSFH","1","F8WC95","DOCK8",0.898108403581315,5.86632107128074e-13,7.82197366269974e-12
"ENSG00000154229","ENSP00000408695.3","T638","TRGQPVLTPPDQLVI","1","J3KRN5","PRKCA",-0.341775576069949,2.58159284595732e-16,5.34544064958993e-15
"ENSG00000206053","ENSP00000248098.3","S97","KTSDIFGSPVTATSR","1",NA,"HN1L",1.53048762560726,6.25655815924562e-17,1.41863949221568e-15
"ENSG00000118260","ENSP00000236995.3","S256","APGVVMASSPALPTQ","1","P16220","CREB1",0.184526115314828,0.00115603182550085,0.00410892683991458
"ENSG00000204673","ENSP00000375709.1","T246","LPRPRLNTSDFQKLK","1","Q96B36","AKT1S1",-1.64444388436267,9.92783867028723e-12,1.14977378498489e-10
"ENSG00000277443","ENSP00000478061.1","S167","FKKSFKLSGFSFKKN","1","P29966","MARCKS",0.969939088491671,6.12281313131179e-06,3.27890196114858e-05
"ENSG00000115163","ENSP00000336868.4","S19","APRRRSPSPTPTPGP","1",NA,"CENPA",2.39889183564191,2.11551682232891e-17,5.16259616815826e-16
"ENSG00000131016","ENSP00000384537.2","S627","KKRVRRPSESDKEDE","1","Q02952","AKAP12",1.08804545612586,0.000199878397408905,0.000827600007090066
"ENSG00000128050","ENSP00000421096.1","S27","EVYELLDSPGKVLLQ","1","D6RF62","PAICS",-0.536902621522966,6.27589901066785e-08,4.52301250820139e-07
"ENSG00000147133","ENSP00000362895.4","S307","PPPEQCLSDDEITMM","1","P21675","TAF1",-1.41587145155344,0.00474135617888718,0.0145598162170079
"ENSG00000166889","ENSP00000300146.9","S179","ALPRRSTSPIIGSPP","1","Q86TB9","PATL1",0.680025488620711,1.17867513252675e-06,7.07821014264638e-06
"ENSG00000167978","ENSP00000301740.8","S1318","SPEHKELSNSPLREN","1","Q9UQ35","SRRM2",0.344031348762421,0.00298562371506406,0.00963647884134426
"ENSG00000169727","ENSP00000302873.6","S474","KSPPREGSQGELTPA","1",NA,"GPS1",-1.6490766510907,0.00216852119770327,0.0072452164557069
"ENSG00000104419","ENSP00000319977.8","S342","TSLDGTRSRSHTSEG","1","Q92597","NDRG1",1.36283694219626,2.05826689059615e-11,2.28533612332244e-10
"ENSG00000180176","ENSP00000370571.1","S19","KGFRRAVSELDAKQA","1","P07101","TH",-3.85900271441109,1.7487341455451e-23,1.09978847432018e-21
"ENSG00000115310","ENSP00000337838.6","S107","VAPERQPSWDPSPVS","1","Q9NQC3","RTN4",1.25788517146952,8.21205736578044e-07,5.02826917708068e-06
"ENSG00000197822","ENSP00000379719.2","S408","DYTTGGESCDELEED","1","Q16625","OCLN",-1.97978513137134,1.56576220735573e-20,6.02520549868608e-19
"ENSG00000176915","ENSP00000350686.5","S528","RAFAGPLSPAKAEDF","1","Q86XL3","ANKLE2",1.11961894179217,6.31236939577014e-05,0.000287548329844794
"ENSG00000169398","ENSP00000429911.1","S910","KLQPQEISPPPTANL","1","Q05397","PTK2",0.393003373770579,0.000620364882069602,0.0023412546571852
"ENSG00000104312","ENSP00000220751.4","S178","RMMSLSQSRSSKSAP","1","O43353","RIPK2",1.28644217748711,2.87770387224444e-13,3.96912762128117e-12
"ENSG00000171566","ENSP00000424417.1","S119","TKIQRMPSESAAQSL","1","O43660","PLRG1",0.623963446744867,0.00222296600833837,0.00740656650274258
"ENSG00000132535","ENSP00000382425.2","S295","PTSPRRYSPVAKDLL","1",NA,"DLG4",-1.74169945204673,0.0031108471278429,0.00998710312204751
"ENSG00000101773","ENSP00000323050.5","T315","FSDSTSKTPPQEELP","1","A0A140TA82","RBBP8",-2.11755986599348,3.46202233084437e-18,9.35115903508626e-17
"ENSG00000110321","ENSP00000433664.1","T508","AQPPRTQTPPLGQTP","1","D3DQV9","EIF4G2",1.14813816971349,6.54592041544947e-15,1.1288810364488e-13
"ENSG00000152422","ENSP00000421491.1","S260","KDDSIISSLDVTDIA","1","Q13426","XRCC4",0.694622307099824,0.0179036278382611,0.0463010964614277
"ENSG00000103197","ENSP00000219476.3","S1132","RDRVRSMSGGHGLRV","1","H3BQK4","TSC2",0.683704648728945,3.10981961992628e-11,3.40356968099464e-10
"ENSG00000198648","ENSP00000348278.4","S371","VRRVPGSSGHLHKTE","1",NA,"STK39",0.908694752511234,0.00366510689081782,0.0115455321980301
"ENSG00000198900","ENSP00000354522.2","S112","EKENGFSSPPQIKDE","1","P11387","TOP1",0.733542197407338,0.00487025370219441,0.0149157788127049
"ENSG00000122786","ENSP00000354826.2","T730","SSPTAAGTPNKETAG","1","Q05682","CALD1",-2.1228811506778,2.25920743274282e-08,1.7345059919406e-07
"ENSG00000123836","ENSP00000356047.3","S466","PVRMRRNSFTPLSSS","1","F6RAZ1","PFKFB2",0.175903257687995,5.56562558302188e-06,3.00405947886335e-05
"ENSG00000117676","ENSP00000363283.2","S380","HQLFRGFSFVATGLM","1","E9PPC1","RPS6KA1",0.500723199850444,6.9003708746043e-05,0.000311972776201262
"ENSG00000058404","ENSP00000379098.2","T287","SMMHRQETVECLKKF","1","Q13554","CAMK2B",-1.10008809629067,6.95426421010875e-14,1.04591140844717e-12
"ENSG00000105339","ENSP00000262585.2","S490","ELAPRNSSLRLTDTA","1","E5RJ42","DENND3",0.783502834529308,1.75152932055524e-07,1.17991378316753e-06
"ENSG00000026025","ENSP00000224237.5","S56","SRSLYASSPGGVYAT","1",NA,"VIM",0.958069353846852,4.73172462135753e-10,4.44877136025143e-09
"ENSG00000115355","ENSP00000410608.1","S1675","HHKIKTGSPGSEVVT","1","Q3V6T2","CCDC88A",0.514558557474164,0.000515857319222224,0.00197754431305175
"ENSG00000126456","ENSP00000366344.3","S175","PQPLRSPSLDNPTPF","1",NA,"IRF3",1.15789056881047,1.04413762443176e-17,2.65305401214913e-16
"ENSG00000205581","ENSP00000370125.5","S86","GETKTEESPASDEAG","1","H7BXJ5","HMGN1",0.107744587594972,0.000162579403278366,0.000685398111336275
"ENSG00000166313","ENSP00000477213.1","T709","PKRLGAHTP______","1",NA,"APBB1",-2.06014519787162,1.43895841292064e-06,8.51187332603175e-06
"ENSG00000134333","ENSP00000395337.3","Y10","TLKDQLIYNLLKEEQ","1","P00338","LDHA",1.69020254766483,1.40519154030378e-17,3.51395178258757e-16
"ENSG00000118260","ENSP00000236995.3","S128","RKILNDLSSDAPGVP","1","P16220","CREB1",1.12382152692476,0.000193456653157828,0.000803907150745598
"ENSG00000113441","ENSP00000231368.5","S91","RSSGLRNSATGYRQS","1",NA,"LNPEP",-0.791628154490322,7.64016108295463e-07,4.70429986603164e-06
"ENSG00000037897","ENSP00000314441.7","S27","YYRQRAHSNPMADHT","1","Q9UBP6","METTL1",0.971649522945114,6.97394475886862e-07,4.31616331441166e-06
"ENSG00000073111","ENSP00000265056.7","S27","GNDPLTSSPGRSSRR","1","P49736","MCM2",0.899146777427259,1.00032593817336e-12,1.29627064935412e-11
"ENSG00000058729","ENSP00000283109.3","S380","PEQIKEDSLSEESAD","1","Q9BVS4","RIOK2",1.34958244881813,4.51029879657742e-14,6.94877356338028e-13
"ENSG00000144909","ENSP00000296220.5","S189","PISQRRPSQNAISFF","1","Q9BXB4","OSBPL11",2.03996546154438,9.57802511618164e-13,1.24371664605703e-11
"ENSG00000165795","ENSP00000451712.1","S346","VDGNRSRSRTLSQSS","1","Q9UN36","NDRG2",-2.74373254821219,9.84335043845442e-20,3.35390277338281e-18
"ENSG00000175866","ENSP00000316338.6","S366","KTLPRSSSMAAGLER","1","Q9UQB8","BAIAP2",0.488372474323338,4.06559544543515e-08,3.00720842748659e-07
"ENSG00000116675","ENSP00000378735.3","S570","SATSTSASPTLRVGE","1",NA,"DNAJC6",-0.153686721193175,3.47756038774947e-11,3.78311883490026e-10
"ENSG00000149636","ENSP00000389810.1","S109","KETNRRKSLHPIHQG","1","Q5JW54","DSN1",1.32435853231002,2.24016370896031e-08,1.72250057451139e-07
"ENSG00000148498","ENSP00000363921.3","S144","PLHVRRSSDPALIGL","1","Q8TEW0","PARD3",0.851754706676846,0.000257762969424972,0.00104665616541331
"ENSG00000137337","ENSP00000365588.3","T378","ESQAGSDTDVEEGKA","1","Q14676","MDC1",1.00928631890498,6.04064765242731e-06,3.24314406346713e-05
"ENSG00000120896","ENSP00000240123.7","S530","DGPQLPTSPRLTAAA","1",NA,"SORBS3",0.426470144663522,6.6476186459775e-06,3.54119457664566e-05
"ENSG00000140464","ENSP00000268058.3","T409","ASPEAASTPRDPIDV","1","P29590","PML",1.42598696483986,6.30835870031089e-13,8.39410129796105e-12
"ENSG00000105287","ENSP00000393978.1","S876","QGLAERISVL_____","1","Q9BZL6","PRKD2",1.16120324206961,3.03722817133939e-09,2.59066135721331e-08
"ENSG00000171720","ENSP00000302967.3","S424","DHDNDKESDVEI___","1",NA,"HDAC3",1.02301922732994,1.01655564443793e-06,6.14993055819091e-06
"ENSG00000136153","ENSP00000366757.4","S1458","GIMRRGESLDNLDSP","1","Q8WWI1","LMO7",0.66843651366668,0.00229811683431649,0.00762880643450494
"ENSG00000187164","ENSP00000347532.4","S101","NKTLKRISMLYMAKL","1","A0MZ66","SHTN1",1.03051849738624,4.5037412522504e-09,3.7790768781744e-08
"ENSG00000172572","ENSP00000351957.3","S312","SKSHRRTSLPCIPRE","1","Q14432","PDE3A",-2.19756706796693,1.05187606650974e-07,7.33412319732464e-07
"ENSG00000135090","ENSP00000376317.3","S324","RNGPLNESQEDEEDS","1","Q9H2K8","TAOK3",0.946379132615014,1.57154089530823e-07,1.06576440223129e-06
"ENSG00000163932","ENSP00000331602.3","T507","FGESRASTFCGTPDY","1","Q05655","PRKCD",-2.09296307700729,3.13193155414416e-11,3.42332440777659e-10
"ENSG00000113504","ENSP00000264930.5","T973","ARTQAPPTPDKVQMT","1","Q9Y666","SLC12A7",-0.375004556413707,1.78854921696999e-06,1.04333413252043e-05
"ENSG00000140577","ENSP00000268184.6","S329","SGLQSSRSNPSIQAT","1","Q6UUV7","CRTC3",-2.78759708324245,0.00114743913534087,0.00408297765231356
"ENSG00000187244","ENSP00000270233.5","S621","SGGARGGSGGFGDEC","1","A0A087WXM8","BCAM",-3.69194854371376,7.3282794525803e-12,8.62941598137565e-11
"ENSG00000152661","ENSP00000282561.3","S368","QRPSSRASSRASSRP","1","P17302","GJA1",1.19232129186928,5.50830358901799e-06,2.97502523686291e-05
"ENSG00000151694","ENSP00000309968.3","T735","KPFPAPQTPGRLQPA","1","P78536","ADAM17",-0.558187058743524,1.90718738419891e-06,1.10641375510135e-05
"ENSG00000068831","ENSP00000377953.3","S587","PRPGRRGSRPPEIRE","1",NA,"RASGRP2",1.12089293476138,0.00451501405994475,0.013922257039093
"ENSG00000179295","ENSP00000340944.3","Y580","REDSARVYENVGLMQ","1",NA,"PTPN11",1.33927060120664,0.0125670840019248,0.0341158614556708
"ENSG00000198382","ENSP00000348455.3","S550","KITSLSSSLDTSLDF","1","Q9P2Y5","UVRAG",-0.54966854842748,0.00199988407932161,0.00673249924013435
"ENSG00000130396","ENSP00000404595.2","T1352","TPAAIPATPVAVSQP","1","E9PFY5","AFDN",-1.15606511939943,0.000116317000110865,0.000505366282317046
"ENSG00000131791","ENSP00000254101.3","T40","HKIMVGSTDDPSVFS","1","O43741","PRKAB2",1.44252721026657,2.08613314656206e-09,1.81621049728822e-08
"ENSG00000113368","ENSP00000261366.5","S23","GGPTTPLSPTRLSRL","1","A0A0D9SFE5","LMNB1",-0.687131887154273,5.29776460541103e-06,2.8680532067238e-05
"ENSG00000123240","ENSP00000368021.3","S513","FEDGGRQSLMEMQSR","1","Q96CV9","OPTN",1.33100854764277,2.66875124178568e-05,0.000129977593709932
"ENSG00000105287","ENSP00000393978.1","S710","GEKSFRRSVVGTPAY","1","Q9BZL6","PRKD2",0.853176550512099,0.00608312051633762,0.0181445791522001
"ENSG00000173517","ENSP00000452796.2","Y635","IVINPNAYDNLAIYK","1","Q9H792","PEAK1",1.14292719129175,4.32706915307842e-05,0.000202175129048473
"ENSG00000103197","ENSP00000219476.3","S1130","GARDRVRSMSGGHGL","1","H3BQK4","TSC2",1.20596177964392,0.000170819278716598,0.000717026897644534
"ENSG00000116584","ENSP00000354837.4","S143","GSRRGRSSLSLAKSV","1","Q92974","ARHGEF2",1.40734341642863,6.92114043212348e-08,4.9682076208105e-07
"ENSG00000127663","ENSP00000159111.3","S566","PTWKEPVSPMELTGP","1","K7ES23","KDM4B",0.918672150290003,0.000427474895510856,0.00167090604642942
"ENSG00000035928","ENSP00000371321.1","T506","KESKLERTPQKNVQG","1","P35251","RFC1",1.17620820709746,6.77992517072048e-05,0.000307076438850152
"ENSG00000112561","ENSP00000362124.1","S122","PKPPPAASPGVRAGH","1","B1AKB5","TFEB",1.95714883287373,3.32608404972723e-08,2.49451370350649e-07
"ENSG00000123384","ENSP00000243077.3","S4523","GSRHSLASTDEKREL","1","Q7Z7K9","LRP1",1.68605563422815,8.57244481083671e-05,0.000380893760470253
"ENSG00000076604","ENSP00000262395.5","S426","KPGTWRGSLDESSLG","1","Q9BUZ4","TRAF4",-3.98933728590753,2.7732406067358e-14,4.34944596895127e-13
"ENSG00000139350","ENSP00000266742.5","S397","GKNQDFSSFDDTGKS","1","Q8NHV4","NEDD1",-0.166696399462719,6.7092152731881e-10,6.19964841143061e-09
"ENSG00000172349","ENSP00000302935.4","S845","SIRQRISSFETFGSS","1",NA,"IL16",0.0959741222817527,1.44942455270189e-07,9.88517710855386e-07
"ENSG00000115524","ENSP00000335321.6","T244","GRAKGSETPGATPGS","1","O75533","SF3B1",1.3373485939352,6.27082726458701e-09,5.17594041473356e-08
"ENSG00000106070","ENSP00000385770.1","S150","PELCGPGSPPVLTPG","1","Q13322","GRB10",-0.1165470149624,3.16074986813741e-05,0.000152006996702016
"ENSG00000197386","ENSP00000347184.5","S1199","EQASVPLSPKKGSEA","1","P42858","HTT",1.73972064095336,0.00013196550861151,0.000566443461581697
"ENSG00000136807","ENSP00000362361.4","S347","APPRRKGSQITQQST","1","X6RE90","CDK9",-0.5852521464045,1.80959476676186e-05,9.03261103519711e-05
"ENSG00000188158","ENSP00000369400.3","T380","RKLRRRKTISGIPRR","1","Q6T4R5","NHS",-0.290145921645308,0.0007602781464385,0.00281714086153571
"ENSG00000137154","ENSP00000369757.4","S240","RLSSLRASTSKSESS","1","P62753","RPS6",0.0407249360657289,2.18917155726157e-07,1.45419430663918e-06
"ENSG00000169957","ENSP00000369777.5","S139","SPGYEPRSPGYESES","1","Q9H5H4","ZNF768",1.30772713961259,0.0071171559922988,0.0208766606099662
"ENSG00000128805","ENSP00000249601.4","S16","ARRARSKSLVMGEQS","1","Q7Z5H3","ARHGAP22",1.90062314038943,2.53525203791825e-10,2.47954514594388e-09
"ENSG00000132002","ENSP00000254322.1","S151","VNFGRSRSAQEPARK","1",NA,"DNAJB1",0.984516326008873,0.0139463582018003,0.0373389630475394
"ENSG00000008294","ENSP00000262013.7","T586","NAPTSHVTPSVKKRS","1","O60271","SPAG9",-0.40814004117329,0.000995335399078925,0.00359076335038718
"ENSG00000103319","ENSP00000263026.5","S445","SGDSGYPSEKRGELD","1","O00418","EEF2K",-0.69851866804057,0.00138155837938451,0.0048217226598011
"ENSG00000075340","ENSP00000264436.3","S693","SVTSGPMSPEGSPSK","1","P35612","ADD2",1.67181235600537,0.000182108549755901,0.000759371326889112
"ENSG00000143079","ENSP00000271277.6","S563","SSPLSPLSPGIKSPT","1","Q9P2B4","CTTNBP2NL",1.65633510337538,4.1151985580764e-07,2.63326879132593e-06
"ENSG00000141564","ENSP00000307272.3","S863","LTQSAPASPTNKGVH","1","I3L2I3","RPTOR",1.36937738410308,3.27415401707112e-05,0.000156983049231162
"ENSG00000185345","ENSP00000355865.1","S131","HTDSRKDSPPAGSPA","1","O60260","PARK2",-1.57234094277315,3.75614438685838e-11,4.0721630526824e-10
"ENSG00000170364","ENSP00000373354.3","S508","LYDNRRRSAQWLDQE","1","Q53H47","SETMAR",0.913302209822964,0.0185965519181215,0.0478386269428111
"ENSG00000161011","ENSP00000374455.4","S272","RSRLTPVSPESSSTE","1",NA,"SQSTM1",-0.623055223902714,0.000703948430688758,0.00262341158972187
"ENSG00000161011","ENSP00000374455.4","T269","GGKRSRLTPVSPESS","1",NA,"SQSTM1",1.82645249010075,1.58561607792571e-05,7.98874963772774e-05
"ENSG00000171759","ENSP00000448059.1","S16","PGLGRKLSDFGQETS","1","P00439","PAH",-4.20005861969135,7.65927344726831e-17,1.71516165893567e-15
"ENSG00000108443","ENSP00000225577.4","S441","SPRRFIGSPRTPVSP","1","K7ER06","RPS6KB1",1.36539485597623,0.00221420906107922,0.00738420175203863
"ENSG00000104320","ENSP00000265433.4","S432","RIPNYQLSPTKLPSI","1","O60934","NBN",-1.08585375398938,0.000256848816777138,0.00104332451570688
"ENSG00000157500","ENSP00000288266.3","S430","ARTSSSGSLGSESTN","1","Q9UKG1","APPL1",-1.59099898437865,1.51430403112194e-10,1.52346337106347e-09
"ENSG00000009950","ENSP00000320886.3","S196","KKRLRKPSREDDLLA","1","Q9NP71","MLXIPL",-1.56558731278316,1.79019581029838e-05,8.94814758322731e-05
"ENSG00000115524","ENSP00000335321.6","T426","AGYVPIRTPARKLTA","1","O75533","SF3B1",1.23761280950566,0.000430958632846656,0.00168322202311589
"ENSG00000185650","ENSP00000388402.2","S92","RFRDRSFSEGGERLL","1","G3V382","ZFP36L1",1.36264320573338,4.44264919409248e-05,0.000207192504934599
"ENSG00000096063","ENSP00000362931.2","S309","RPNKQEESESPVERP","1","Q96SB4","SRPK1",-3.46598057558764,0.000983804279585909,0.00355474343239831
"ENSG00000115685","ENSP00000234038.6","S24","EVDRRVESEESGDEE","1","C9JD73","PPP1R7",-0.800019276465964,0.00121311647264405,0.004291312531326
"ENSG00000166592","ENSP00000299759.6","S273","AGTRRRESLGKKAKR","1","P55042","RRAD",0.3371101028279,0.000702526363718272,0.00261888403531781
"ENSG00000143851","ENSP00000309116.3","T171","EPICSVNTPREVTLH","1","P35236","PTPN7",-1.34369097798072,2.81258383065792e-08,2.1283371567403e-07
"ENSG00000104812","ENSP00000317904.3","S649","VPPSPSLSRHSSPHQ","1","P13807","GYS1",1.77246774223915,0.00012267084571261,0.000530165553563234
"ENSG00000067225","ENSP00000334983.5","Y148","KITLDNAYMEKCDEN","1",NA,"PKM",0.218996138389913,2.52994653576324e-06,1.44156205357598e-05
"ENSG00000171368","ENSP00000353785.5","S32","DRAAKRLSLESEGAG","1","O94811","TPPP",-0.522387413392396,0.00835440522718878,0.0239745826281256
"ENSG00000157933","ENSP00000367797.4","S383","LSAFRPWSPAVSASE","1","P12755","SKI",0.802417840812021,0.00152870404938123,0.00528150491929878
"ENSG00000112640","ENSP00000417963.1","S573","KVLLRRKSELPQDVY","1",NA,"PPP2R5D",-0.787659242846676,6.80501420127127e-06,3.6197005898704e-05
"ENSG00000121957","ENSP00000264126.3","S408","PKLGRRHSMENMELM","1","P81274","GPSM2",1.67205244736027,4.01448408607523e-05,0.000189002209802894
"ENSG00000171105","ENSP00000303830.4","S1348","GGRDGGSSLGFKRSY","1","P06213","INSR",0.333632496683819,2.43695410197244e-08,1.86192425524531e-07
"ENSG00000239306","ENSP00000311747.5","S618","LSDYRRLSESQLSFR","1","Q96PK6","RBM14",-0.725083928406544,2.52754787909029e-06,1.44051996120741e-05
"ENSG00000163348","ENSP00000357442.2","S48","PEKKRRKSNTQGPAY","1","Q9BRQ0","PYGO2",-2.25985312168715,0.00100539498361513,0.00362343492170458
"ENSG00000092439","ENSP00000495860.1","S1477","NTLKRVSSLAGFTDC","1","H0YNM0","TRPM7",-1.51694863570191,0.000101057652682167,0.000443326428082713
"ENSG00000076248","ENSP00000242576.3","T60","AGQEEPGTPPSSPLS","1","P13051","UNG",-0.293712447449101,2.67263146080803e-05,0.00013014150345175
"ENSG00000167323","ENSP00000300737.4","S575","LVEKLPDSPALAKKA","1","E9PRZ7","STIM1",0.044209056054509,0.000336126499354382,0.00133868149916155
"ENSG00000170145","ENSP00000305976.3","T484","RSGQRRHTLSEVTNQ","1","Q9H0K1","SIK2",-0.945140568339673,2.2061184182057e-05,0.000108659820473556
"ENSG00000106683","ENSP00000336740.2","S323","KDLGRSESLRVVCRP","1","E9PC47","LIMK1",0.794322384884019,0.00117667882413815,0.00417702808647298
"ENSG00000198523","ENSP00000350132.5","T17","SAIRRASTIEMPQQA","1","P26678","PLN",-1.93802209323974,0.000165418196524425,0.00069632081993515
"ENSG00000198771","ENSP00000356828.3","S108","LPGASPKSPGLKAMV","1","Q6JBY9","RCSD1",-1.23360354604232,0.00140568517502333,0.00489805969713433
"ENSG00000069956","ENSP00000261845.5","S189","YSHKGHLSEGLVTKW","1",NA,"MAPK6",1.32227898651193,0.000108659308965809,0.000473887295027357
"ENSG00000204356","ENSP00000364578.3","S115","QPFQRSISADDDLQE","1","P18615","NELFE",0.442756286102155,0.000371479107500064,0.00146722930726708
"ENSG00000088833","ENSP00000216879.4","S140","AVERVTKSPGETSKP","1",NA,"NSFL1C",-0.234135041880029,6.73737698157288e-06,3.58749715349885e-05
"ENSG00000065675","ENSP00000263125.5","T538","LGDAKTNTFCGTPDY","1","Q04759","PRKCQ",0.972305756244687,0.00847201093663599,0.0242405364984191
"ENSG00000065534","ENSP00000353452.3","S1779","SSTGSPTSPLNAEKL","1","Q15746","MYLK",-1.4205221434768,3.47531388971728e-05,0.000165810314700571
"ENSG00000105698","ENSP00000222305.2","T230","PKIDGTRTPRDERRR","1","Q15853","USF2",0.104299767495977,0.00132789317276963,0.00465047723977863
"ENSG00000160789","ENSP00000357283.4","S307","DSLSAQLSQLQKQLA","1",NA,"LMNA",-0.535509086781847,0.00103350012908639,0.00371149861698327
"ENSG00000160007","ENSP00000500409.1","S1236","PKPKPRPSITKATWE","1","Q9NRY4","ARHGAP35",2.11409231961192,5.49350710337855e-07,3.45747688791676e-06
"ENSG00000108511","ENSP00000225648.3","S214","LLSASQLSAEEEEEK","1","P17509","HOXB6",-3.17205198201816,1.72747344145471e-12,2.16959679815489e-11
"ENSG00000115956","ENSP00000234313.7","S117","ARKSTRRSIRLPETI","1","P08567","PLEK",1.81772391346855,8.5643656558563e-07,5.23384801816193e-06
"ENSG00000074800","ENSP00000234590.4","Y44","SGASTGIYEALELRD","1","P06733","ENO1",-0.10728667779235,0.000205297828657923,0.000847817658302778
"ENSG00000105486","ENSP00000263274.6","S76","EEEDEALSPAKGQKP","1","P18858","LIG1",0.018730608541988,2.62499254656424e-05,0.000128019023075303
"ENSG00000090020","ENSP00000263980.3","S703","MSRARIGSDPLAYEP","1",NA,"SLC9A1",-3.6816054004555,0.00768146568056167,0.022327075592477
"ENSG00000104419","ENSP00000319977.8","S364","SEGTRSRSHTSEGAH","1","Q92597","NDRG1",2.25885323655357,9.2214439408034e-08,6.49948552303852e-07
"ENSG00000198959","ENSP00000355330.2","S216","RDCSRRSSPVYVGRV","1","P21980","TGM2",-0.310985854295124,9.75801531526279e-06,5.06679283632109e-05
"ENSG00000136754","ENSP00000365312.2","S225","ARLGSQHSPGRTASL","1","Q8IZP0","ABI1",1.77331730191023,0.000138967593335112,0.000593507149154131
"ENSG00000129116","ENSP00000425556.1","S911","VRRPRSRSRDSGDEN","1","Q8WX93","PALLD",0.184928751718772,0.000575929337732785,0.00218562676622039
"ENSG00000006453","ENSP00000005260.8","S331","PSLQRSVSVATGLNM","1","Q9UHR4","BAIAP2L1",-1.4481354348323,0.000200819880239533,0.000831073612832638
"ENSG00000090661","ENSP00000251363.5","S347","IRSDVEESDSSEEAA","1","H0YMY6","CERS4",-3.52109239939652,3.6008662705319e-09,3.04675706330614e-08
"ENSG00000115966","ENSP00000264110.2","S62","FGPARNDSVIVADQT","1","P15336","ATF2",0.771878408168915,0.0106157843407126,0.0294511422914403
"ENSG00000130669","ENSP00000469413.1","S474","KEVPRRKSLVGTPYW","1","M0R0L9","PAK4",-3.53253312505582,2.26263570001471e-05,0.000111291742738856
"ENSG00000196419","ENSP00000352257.4","T455","FTEKIMATPEQVGKM","1","P12956","XRCC6",1.5773921262999,0.000993550911139885,0.00358586069028388
"ENSG00000106299","ENSP00000223023.4","S485","RSKAIHSSDEDEDED","1","O00401","WASL",-2.47410622421845,1.96782219039119e-08,1.52421815617249e-07
"ENSG00000126561","ENSP00000341208.4","S780","DSLDSRLSPPAGLFT","1","P42229","STAT5A",1.11357509363733,0.000873564307152005,0.00319246210081194
"ENSG00000141367","ENSP00000269122.3","Y1477","LFITEEDYQALRTSI","1","Q00610","CLTC",-2.14311881459819,1.39783224447906e-06,8.29188052672917e-06
"ENSG00000114346","ENSP00000376457.3","T359","YLYEKANTPELKKSV","1","Q9H8V3","ECT2",1.92315415620462,5.81484188916193e-06,3.13188821137179e-05
"ENSG00000134058","ENSP00000256443.3","S164","GLAKSFGSPNRAYTH","1","D6REC6","CDK7",-0.426882902574686,0.00758515571167009,0.0220829003572597
"ENSG00000103479","ENSP00000262133.6","S1080","IFYYFSNSPSKRLRE","1","J3KSF7","RBL2",-0.265530957375743,0.00390759309940707,0.0122190489188657
"ENSG00000082701","ENSP00000264235.9","S9","SGRPRTTSFAESCKP","1","P49841","GSK3B",0.028489193450902,0.00605692071014226,0.0180792289721153
"ENSG00000181163","ENSP00000296930.5","S4","____MEDSMDMDMSP","1","P06748","NPM1",-0.401862694447123,0.00810714522035271,0.0233871343520033
"ENSG00000141639","ENSP00000383234.1","S186","YSHKGYLSEGLVTKW","1","P31152","MAPK4",-1.54397394761025,1.62305728019567e-07,1.09981597850193e-06
"ENSG00000105723","ENSP00000222330.3","S21","SGRARTSSFAEPGGG","1","P49840","GSK3A",-2.16498333945404,0.0182187519401237,0.0470198536698865
"ENSG00000106211","ENSP00000248553.6","S176","MPKLATQSNEITIPV","1","P04792","HSPB1",-0.209740862988726,0.0064678219020342,0.0191586963476542
"ENSG00000106211","ENSP00000248553.6","S82","RALSRQLSSGVSEIR","1","P04792","HSPB1",1.70841359508278,0.000308455278966772,0.00123528692584158
"ENSG00000143375","ENSP00000271636.7","S137","GKLLRSHSQASLAGP","1","A2A3M4","CGN",-2.97715454339773,1.75354171630613e-07,1.18095475950058e-06
"ENSG00000158517","ENSP00000289473.4","S348","PGPQSPGSPLEEERQ","1","P14598","NCF1",2.25618779581898,2.04133309916445e-05,0.000101015821908545
"ENSG00000165699","ENSP00000298552.3","S468","GFLGDLASEEDSIEK","1","Q92574","TSC1",1.97476999052174,0.000405529335052679,0.00159078241253713
"ENSG00000153048","ENSP00000311847.4","S32","RSRERSPSPLRGNVV","1","Q9Y2V2","CARHSP1",2.14755920906698,0.000993840554770699,0.00358639407732127
"ENSG00000104419","ENSP00000319977.8","T366","GTRSRSHTSEGAHLD","1","Q92597","NDRG1",0.2931051380321,9.2620835714067e-06,4.82613348829976e-05
"ENSG00000179151","ENSP00000320503.4","S161","SFRRRHNSWSSSSRH","1","Q96F86","EDC3",0.0567890202912817,0.00366221549557612,0.0115403380480064
"ENSG00000136997","ENSP00000367207.3","S62","LLPTPPLSPSRRSGL","1","A0A0B4J1R1","MYC",-0.0882207910358055,0.00492023276753873,0.0150487932287581
"ENSG00000141510","ENSP00000269305.4","S315","LPNNTSSSPQPKKKP","1","E7EQX7","TP53",1.76251913261428,0.00101458620367546,0.00365395561272407
"ENSG00000143379","ENSP00000271640.5","S1066","RNYGYNPSPVKPEGL","1","E9PS59","SETDB1",0.929113362443132,2.50453930554174e-05,0.000122475363100012
"ENSG00000137309","ENSP00000308227.4","S36","PRKQPPVSPGTALVG","1","P17096","HMGA1",-0.937172977255901,2.99103362822858e-05,0.000144421910215575
"ENSG00000133026","ENSP00000269243.4","S1937","RGGPISFSSSRSGRR","1","P35580","MYH10",-1.72856933675935,6.11644191121444e-07,3.81722745986975e-06
"ENSG00000015285","ENSP00000365891.4","Y291","AETSKLIYDFIEDQG","1","C9J3B7","WAS",1.27020855822675,0.0015310937191661,0.00528812997376468
"ENSG00000085563","ENSP00000478255.1","S671","RKRSTRRSVRGSQAQ","1","P08183","ABCB1",-2.15187957410614,4.73620946970261e-06,2.58843164316951e-05
"ENSG00000065534","ENSP00000353452.3","S1208","MKSRRPKSSLPPVLG","1","Q15746","MYLK",-3.45802860100309,2.87601650526465e-09,2.45979192442831e-08
"ENSG00000169398","ENSP00000429911.1","Y397","SVSETDDYAEIIDEE","1","Q05397","PTK2",-0.670015693405876,0.0175169120565088,0.045426461238348
"ENSG00000081189","ENSP00000421925.5","S396","NIKSEPVSPPRDRTT","1","Q06413","MEF2C",0.265073491193798,0.00250738500965941,0.00824018039961122
"ENSG00000090020","ENSP00000263980.3","S693","VPAHKLDSPTMSRAR","1",NA,"SLC9A1",-0.202788418523257,0.00614541416994497,0.0183109441419621
"ENSG00000196498","ENSP00000384018.1","S2453","VWEDRPSSAGSTPFP","1","C9JFD3","NCOR2",-2.0329548891534,0.001423106805415,0.00495100952999891
"ENSG00000093000","ENSP00000345895.3","S221","KVAAETQSPSLFGST","1","Q9UKX7","NUP50",0.817945246866492,0.00202877870616143,0.0068197823759039
"ENSG00000102119","ENSP00000358857.4","S49","ETQRRRLSPPSSSAA","1","P50402","EMD",-0.521093398040078,0.0172025604957531,0.0447489591988507
"ENSG00000137337","ENSP00000365588.3","T404","SMVINSDTDDEEEVS","1","Q14676","MDC1",-2.40742509308241,0.000836159554359267,0.00306996599670505
"ENSG00000131747","ENSP00000411532.1","S1377","KPQKSVVSDLEADDV","1","P11388","TOP2A",1.07563192095712,0.00373793610865529,0.0117481975011217
"ENSG00000092439","ENSP00000495860.1","S1255","TLTAQKASEASKVHN","1","H0YNM0","TRPM7",-1.69958646000661,0.00484270346935336,0.0148403914075384
"ENSG00000170421","ENSP00000447566.1","S24","PRAFSSRSYTSGPGS","1","P05787","KRT8",-2.53445663061707,0.000581847196188121,0.00220609790252371
"ENSG00000100644","ENSP00000338018.4","S687","TEKSHPRSPNVLSVA","1",NA,"HIF1A",2.38853263503857,7.52588398182605e-05,0.000337956303425446
"ENSG00000187164","ENSP00000347532.4","S249","QNKLKRQSHLLLQSS","1","A0MZ66","SHTN1",0.44728811616833,0.00982584201951548,0.0275804305470623
"ENSG00000170734","ENSP00000361310.4","S687","QGKRNPKSPLACTNK","1","Q9Y253","POLH",1.7783369495336,0.000367410731022018,0.00145138720339041
"ENSG00000147044","ENSP00000367405.1","S562","MLREMRGSITFKIVP","1","O14936","CASK",-2.83783810608406,6.67116334421729e-08,4.79557440058293e-07
"ENSG00000163932","ENSP00000331602.3","S645","LNEKARLSYSDKNLI","1","Q05655","PRKCD",-2.69188281099355,8.36518910591989e-05,0.00037201180470689
"ENSG00000187840","ENSP00000340691.4","S83","PTIPGVTSPSSDEPP","1","Q13541","EIF4EBP1",-0.0794473730110532,0.00398697419161869,0.0124504300287183
"ENSG00000169418","ENSP00000357669.3","S529","RHLRSAGSRLTLSGR","1","P16066","NPR1",-1.06811618327191,0.000442112700144848,0.00172226398845332
"ENSG00000097007","ENSP00000323315.5","Y185","TASDGKLYVSSESRF","1","P00519","ABL1",-0.637752738404657,0.0158009009563927,0.0416079968731925
"ENSG00000066044","ENSP00000385269.1","S202","LLSQLYHSPARRFGG","1","Q15717","ELAVL1",2.1648570732844,0.00556745435754977,0.0167750146919815
"ENSG00000131016","ENSP00000384537.2","S698","RARRGSSSDEEGGPK","1","Q02952","AKAP12",2.3111534607938,0.00324198457596541,0.0103489714709037
"ENSG00000152661","ENSP00000282561.3","S306","RNYNKQASEQNWANY","1","P17302","GJA1",-0.329108435356515,0.00553900358395894,0.0167009050220215
"ENSG00000174791","ENSP00000310406.4","S351","RPLLRSMSAAFCSLL","1",NA,"RIN1",1.96139836752196,0.000567662961304683,0.0021561981652201
"ENSG00000115524","ENSP00000335321.6","T434","PARKLTATPTPLGGM","1","O75533","SF3B1",1.37991439547267,0.0112249356405568,0.0308902604620179
"ENSG00000176994","ENSP00000385025.3","S400","PSQDRPPSSSLEECP","1","Q8TEV9","SMCR8",0.412954774579926,0.000437432630248942,0.00170692572278959
"ENSG00000166484","ENSP00000378968.3","S731","DPLPPVFSGTPKGSG","1","Q13164","MAPK7",1.41821915794236,0.00287204034520082,0.00930789950100846
"ENSG00000080839","ENSP00000362768.3","S650","SVHERYSSPTAGSAK","1","P28749","RBL1",2.28907819880784,0.000125737704519016,0.000542321891228484
"ENSG00000139687","ENSP00000267163.4","T356","DSFETQRTPRKSNLD","1",NA,"RB1",-1.50382421019119,0.0161610020016966,0.0424148710273948
"ENSG00000140464","ENSP00000268058.3","S530","DGPPSPRSPVIGSEV","1","P29590","PML",2.4186075723636,0.0113596266113755,0.031216747824869
"ENSG00000160584","ENSP00000364449.1","T221","TPGQLLKTWCGSPPY","1",NA,"SIK3",-1.84632200587457,0.00782626285811574,0.0226855741319516
"ENSG00000121361","ENSP00000240662.2","S379","SELSHQNSLRKRNSM","1","Q15842","KCNJ8",-0.633411955879673,0.00362208250703962,0.0114252638731099
"ENSG00000084774","ENSP00000264705.3","S1406","GAGGRRLSSFVTKGY","1","P27708","CAD",2.91564607218475,0.00012240228277788,0.000529168008411483
"ENSG00000152661","ENSP00000282561.3","S296","VTGDRNNSSCRNYNK","1","P17302","GJA1",2.61145996214178,0.000262590504492821,0.00106459479387227
"ENSG00000163939","ENSP00000296302.7","S948","SGLHRTYSQDCSFKN","1","Q86U86","PBRM1",-0.926188122236763,0.00819262083548041,0.0235852698659321
"ENSG00000165887","ENSP00000306163.5","S99","QERVRKTSLDLRREI","1","A0A0A0MRN9","ANKRD2",-0.51392818544503,0.0161326915363184,0.0423449654714703
"ENSG00000004487","ENSP00000349049.3","S137","LSEDEYYSEEERNAK","1","O60341","KDM1A",-1.79048229076319,0.0167510371169088,0.0437364164401207
"ENSG00000197892","ENSP00000427900.1","S1410","SNKGRWESQQDVSQT","1","Q9NQT8","KIF13B",-2.73941783465128,1.85076612942766e-05,9.21446815364121e-05
"ENSG00000124762","ENSP00000244741.6","S130","SGEQAEGSPGGPGDS","1",NA,"CDKN1A",1.72930093575312,0.00118634752625602,0.00420648107507417
"ENSG00000100644","ENSP00000338018.4","S643","KILIASPSPTHIHKE","1",NA,"HIF1A",2.78924744771694,8.3553940410205e-05,0.000371706971925181
"ENSG00000052749","ENSP00000360031.4","S1049","AKRHRALSQAAVEEE","1",NA,"RRP12",2.06518992030539,0.00958190589609936,0.0269825957746919
"ENSG00000133226","ENSP00000326261.8","T572","PPPRRRRTPTPPPRR","1",NA,"SRRM1",-1.99114437732196,0.00072968250907171,0.00270853519224063
"ENSG00000078061","ENSP00000366244.4","Y301","LGYRDSGYYWEVPPS","1","P10398","ARAF",1.65805981824451,0.00585283496238959,0.0175279997061281
"ENSG00000067606","ENSP00000383712.2","T227","GPGDTTSTFCGTPNY","1","Q05513","PRKCZ",-2.03752017988755,0.00044230851291247,0.00172276133468696
"ENSG00000197892","ENSP00000427900.1","S1381","KLSRRSISSPNVNRL","1","Q9NQT8","KIF13B",-2.64458100167546,3.95291303559085e-06,2.18251905144809e-05
"ENSG00000092964","ENSP00000309539.5","T514","SVTPKTVTPASSAKT","1","Q16555","DPYSL2",0.570710575269723,0.0194331000119394,0.0496872607708183
"ENSG00000104312","ENSP00000220751.4","S176","KWRMMSLSQSRSSKS","1","O43353","RIPK2",2.48369773160908,0.00352537093285561,0.0111536012920105
"ENSG00000116478","ENSP00000362649.3","S423","CEEEFSDSEEEGEGG","1","Q13547","HDAC1",-2.06805297586157,0.00323835491224828,0.010339996071162
"ENSG00000140396","ENSP00000399968.2","S499","MSPGVAGSPRIPPSQ","1","Q15596","NCOA2",-0.821104730036678,0.00379674735800687,0.0119108284781151
"ENSG00000196821","ENSP00000363135.3","S215","GNFNPFASPQKNRQS","1","Q9H6K1","C6orf106",1.94822430713278,0.000942261599802952,0.00341974173747979
"ENSG00000074803","ENSP00000370381.3","S120","EYYRNTGSISGPKVN","1","H0YMG9","SLC12A1",-2.84304369825254,0.000144989861762937,0.000616591031974867
"ENSG00000128655","ENSP00000286063.5","S162","RALLRKASSLPPTTA","1","Q9HCR9","PDE11A",2.69886230160743,0.000955106665455243,0.0034614401829185
"ENSG00000174791","ENSP00000310406.4","Y36","KPAQDPLYDVPNASG","1",NA,"RIN1",2.45666972122947,0.00252692368991803,0.00829487325695229
"ENSG00000137337","ENSP00000365588.3","S402","QASMVINSDTDDEEE","1","Q14676","MDC1",-1.86972634555471,0.00538959005518878,0.01629902587713
"ENSG00000085721","ENSP00000198767.7","S44","LENDFFNSPPRKTVR","1","Q9NYV6","RRN3",2.59419090635402,0.0124334533550969,0.0337930087855902
"ENSG00000128604","ENSP00000385352.2","S158","QRMLPSLSLTEDVKW","1","C9JAU6","IRF5",2.15674381804467,0.00102639566618065,0.00369122834030999
"ENSG00000124789","ENSP00000262077.3","T369","PPVQRLMTPKPVSIA","1","P49790","NUP153",1.77225190132354,0.0146489022513414,0.0389558795328087
"ENSG00000147601","ENSP00000276603.5","S435","KKLKLISSDSED___","1","P54274","TERF1",-2.1758854942261,0.00995735420482415,0.0278907410820257
"ENSG00000277443","ENSP00000478061.1","T150","TPSPSNETPKKKKKR","1","P29966","MARCKS",-2.05157679594701,0.00180457354792783,0.00613585138893541
"ENSG00000197405","ENSP00000347197.2","S332","EESVVRESKSFTRST","1",NA,"C5AR1",1.09246884767706,0.0112735421165154,0.0310105202687132
"ENSG00000121741","ENSP00000479904.1","S305","QPGVDSLSPVASLPK","1",NA,"ZMYM2",2.06442014122314,0.0136376670297976,0.0366133054950984
"ENSG00000146648","ENSP00000275493.2","Y1172","ISLDNPDYQQDFFPK","1","Q504U8","EGFR",0.613204290789607,0.016615403029132,0.0434585784587746
"ENSG00000160791","ENSP00000292303.4","S349","STGEQEISVGL____","1","P51681","CCR5",2.23296031082939,0.0128433190719877,0.0347686896646315
"ENSG00000160691","ENSP00000357430.5","Y349","EEPPDHQYYNDFPGK","1","P29353","SHC1",2.63240858441607,0.00461486491557092,0.0142024363719372
"ENSG00000160691","ENSP00000357430.5","Y350","EPPDHQYYNDFPGKE","1","P29353","SHC1",2.63240858441607,0.00461486491557092,0.0142024363719372
"ENSG00000163513","ENSP00000295754.5","S409","LRLDPTLSVDDLANS","1","P37173","TGFBR2",-2.22781043529032,0.0173225081740097,0.0449915401330709
"ENSG00000100644","ENSP00000338018.4","T455","LAMSPLPTAETPKPL","1",NA,"HIF1A",0.857971495368846,0.0147104444044801,0.0391030864718816
"ENSG00000127947","ENSP00000248594.6","S19","QRVQAMKSPDHNGED","1","Q05209","PTPN12",2.17913489865447,0.00249445704813475,0.00819876015222865
"ENSG00000090020","ENSP00000263980.3","S723","VITIDPASPQSPESV","1",NA,"SLC9A1",-2.3608002658975,0.0118957422968451,0.0325273801372311
"ENSG00000107242","ENSP00000265382.2","S413","PSKKRCNSIAALKAT","1","O14986","PIP5K1B",-2.18727121389984,0.000318275219021612,0.00127222885532973
"ENSG00000092621","ENSP00000493382.1","S55","CEGLIVRSATKVTAD","1",NA,"PHGDH",-1.76211317689133,0.00239195904269841,0.0078968694116628
"ENSG00000092439","ENSP00000495860.1","S1569","NLMRLSQSIPFTPVP","1","H0YNM0","TRPM7",-1.57686149073054,0.0148963854639361,0.0395557627664354
"ENSG00000101951","ENSP00000218068.6","T51","PGQEREGTPPIEERK","1","O60829","PAGE4",-4.03349794408585,4.74765000641037e-05,0.000220643543128799
"ENSG00000122786","ENSP00000354826.2","S744","GLKVGVSSRINEWLT","1","Q05682","CALD1",-1.99576171806588,0.0158233210220259,0.0416496826734886
"ENSG00000087274","ENSP00000381197.1","S355","KYKAKSRSPGSPVGE","1",NA,"ADD1",-1.36064176237056,0.0182756114760565,0.0471473478915981
"ENSG00000198910","ENSP00000359077.1","S1181","GEYRSLESDNEEKAF","1","P32004","L1CAM",-2.25342018894554,0.00214769390828622,0.00718037521678024
